Ostrava,Antošovice,Ostrava-město,Moravskoslezský
Praha,Běchovice,Praha,Praha
Praha,Nová Dubeč,Praha,Praha
Praha,Benice,Praha,Praha
Bojanovice,Bojanovice,Praha-západ,Středočeský
Bojanovice,Pod Dešinami,Praha-západ,Středočeský
Brno,Bosonohy-střed,Brno-město,Jihomoravský
Brno,Brno-hrad Špilberk,Brno-město,Jihomoravský
Brno,Náměstí Svobody,Brno-město,Jihomoravský
Brno,Zelný trh,Brno-město,Jihomoravský
Brno,Janáčkovo divadlo,Brno-město,Jihomoravský
Brno,Pekařská,Brno-město,Jihomoravský
Brno,Fakultní nemocnice,Brno-město,Jihomoravský
Brno,Václavská,Brno-město,Jihomoravský
Brno,Nové Sady,Brno-město,Jihomoravský
Brno,Úvoz,Brno-město,Jihomoravský
Brno,Žlutý kopec,Brno-město,Jihomoravský
Brno,Rybářská,Brno-město,Jihomoravský
Brno,Kamenná,Brno-město,Jihomoravský
Brno,Bakalovo nábřeží,Brno-město,Jihomoravský
Brno,Stráň,Brno-město,Jihomoravský
Brno,Havlenova,Brno-město,Jihomoravský
Brno,Vsetínská,Brno-město,Jihomoravský
Brno,Nákladové nádraží,Brno-město,Jihomoravský
Brno,Heršpická,Brno-město,Jihomoravský
Brno,Ústřední hřbitov,Brno-město,Jihomoravský
Brno,Vinařská,Brno-město,Jihomoravský
Brno,Výstaviště,Brno-město,Jihomoravský
Brno,Neumannova,Brno-město,Jihomoravský
Brno,Kamenomlýnská,Brno-město,Jihomoravský
Brno,Libušino údolí,Brno-město,Jihomoravský
Brno,Anthropos,Brno-město,Jihomoravský
Brno,Myslivna,Brno-město,Jihomoravský
Brno,Červený kopec,Brno-město,Jihomoravský
Brno,Riviéra,Brno-město,Jihomoravský
Brno,Nový Lískovec-sever,Brno-město,Jihomoravský
Brno,Nový Lískovec-jih,Brno-město,Jihomoravský
Brno,Kamenný vrch,Brno-město,Jihomoravský
Brno,Kohoutovice-sever,Brno-město,Jihomoravský
Brno,Vaňkovo náměstí,Brno-město,Jihomoravský
Brno,Náměstí Míru,Brno-město,Jihomoravský
Brno,Rezkova,Brno-město,Jihomoravský
Brno,Gorkého,Brno-město,Jihomoravský
Brno,Konečného náměstí,Brno-město,Jihomoravský
Brno,Kraví hora,Brno-město,Jihomoravský
Brno,Mášova,Brno-město,Jihomoravský
Brno,U stadiónu,Brno-město,Jihomoravský
Brno,Dřevařská,Brno-město,Jihomoravský
Brno,Pod kaštany,Brno-město,Jihomoravský
Brno,Kounicovy koleje,Brno-město,Jihomoravský
Brno,Chládkova,Brno-město,Jihomoravský
Brno,Kameníčkova,Brno-město,Jihomoravský
Brno,Březinova,Brno-město,Jihomoravský
Brno,Elišky Machové,Brno-město,Jihomoravský
Brno,Horova,Brno-město,Jihomoravský
Brno,Makovského náměstí,Brno-město,Jihomoravský
Brno,Žabovřesky-sever,Brno-město,Jihomoravský
Brno,Rosického náměstí,Brno-město,Jihomoravský
Brno,Žabovřesky-louky,Brno-město,Jihomoravský
Brno,Veslařská,Brno-město,Jihomoravský
Brno,Křemelky,Brno-město,Jihomoravský
Brno,Jundrov-střed,Brno-město,Jihomoravský
Brno,Jundrov-sever,Brno-město,Jihomoravský
Brno,Jundrov-jih,Brno-město,Jihomoravský
Brno,Holedná,Brno-město,Jihomoravský
Brno,Kristenova,Brno-město,Jihomoravský
Brno,Jundrovská,Brno-město,Jihomoravský
Brno,Bystrcká,Brno-město,Jihomoravský
Brno,Pastviny,Brno-město,Jihomoravský
Brno,U Svratky,Brno-město,Jihomoravský
Brno,Komínská Chochola,Brno-město,Jihomoravský
Brno,Komín-sever,Brno-město,Jihomoravský
Brno,Padělky,Brno-město,Jihomoravský
Brno,Netopýrky,Brno-město,Jihomoravský
Brno,Třída Kpt. Jaroše,Brno-město,Jihomoravský
Brno,Lužánky,Brno-město,Jihomoravský
Brno,Příční,Brno-město,Jihomoravský
Brno,Bratislavská,Brno-město,Jihomoravský
Brno,Hvězdová,Brno-město,Jihomoravský
Brno,Tkalcovská,Brno-město,Jihomoravský
Brno,Vranovská,Brno-město,Jihomoravský
Brno,Hoblíkova,Brno-město,Jihomoravský
Brno,Schodová,Brno-město,Jihomoravský
Brno,Stadión,Brno-město,Jihomoravský
Brno,Vysoká škola zemědělská,Brno-město,Jihomoravský
Brno,Demlova,Brno-město,Jihomoravský
Brno,Merhautova,Brno-město,Jihomoravský
Brno,Nad arboretem,Brno-město,Jihomoravský
Brno,Krkoškova,Brno-město,Jihomoravský
Brno,Náměstí SNP,Brno-město,Jihomoravský
Brno,Svitavská,Brno-město,Jihomoravský
Brno,Náměstí Republiky,Brno-město,Jihomoravský
Brno,Bratří Mrštíků,Brno-město,Jihomoravský
Brno,Cacovická,Brno-město,Jihomoravský
Brno,Studená,Brno-město,Jihomoravský
Brno,Heleny Malířové-Haškova,Brno-město,Jihomoravský
Brno,Slavíčkova-Ibsenova,Brno-město,Jihomoravský
Brno,Loosova,Brno-město,Jihomoravský
Brno,Špitálka,Brno-město,Jihomoravský
Brno,Radlas,Brno-město,Jihomoravský
Brno,Zábrdovická,Brno-město,Jihomoravský
Brno,Skořepka,Brno-město,Jihomoravský
Brno,Stavební,Brno-město,Jihomoravský
Brno,Masná,Brno-město,Jihomoravský
Brno,Jatky,Brno-město,Jihomoravský
Brno,Přízová,Brno-město,Jihomoravský
Brno,Rosická,Brno-město,Jihomoravský
Brno,Brněnská,Brno-město,Jihomoravský
Brno,Černovické nábřeží,Brno-město,Jihomoravský
Brno,Klášterského,Brno-město,Jihomoravský
Brno,Komárovská,Brno-město,Jihomoravský
Brno,Mariánské náměstí,Brno-město,Jihomoravský
Brno,Hněvkovského,Brno-město,Jihomoravský
Brno,Životského,Brno-město,Jihomoravský
Brno,Klíny,Brno-město,Jihomoravský
Brno,Rokycanova,Brno-město,Jihomoravský
Brno,Vančurova,Brno-město,Jihomoravský
Brno,Nopova,Brno-město,Jihomoravský
Brno,Vinohrady,Brno-město,Jihomoravský
Brno,Balbínova,Brno-město,Jihomoravský
Brno,Akáty,Brno-město,Jihomoravský
Brno,Podsednická,Brno-město,Jihomoravský
Brno,Markéty Kuncové,Brno-město,Jihomoravský
Brno,Skorkovského,Brno-město,Jihomoravský
Brno,Sídliště Juliánov,Brno-město,Jihomoravský
Brno,Bílá hora,Brno-město,Jihomoravský
Brno,Tržní,Brno-město,Jihomoravský
Brno,Charbulova,Brno-město,Jihomoravský
Brno,Slámova,Brno-město,Jihomoravský
Brno,Kneslova,Brno-město,Jihomoravský
Brno,Léčebný ústav,Brno-město,Jihomoravský
Brno,Faměrovo náměstí,Brno-město,Jihomoravský
Brno,Hájecká,Brno-město,Jihomoravský
Brno,Černovická terasa,Brno-město,Jihomoravský
Brno,Pod vlárskou tratí,Brno-město,Jihomoravský
Brno,Černovičky-Podstránská,Brno-město,Jihomoravský
Brno,Stránská skála,Brno-město,Jihomoravský
Brno,Skřivanova,Brno-město,Jihomoravský
Brno,Ptašínského,Brno-město,Jihomoravský
Brno,Staňkova,Brno-město,Jihomoravský
Brno,Červený mlýn,Brno-město,Jihomoravský
Brno,Cimburkova-Antonína Macka,Brno-město,Jihomoravský
Brno,Vysoká škola veterinární,Brno-město,Jihomoravský
Brno,Vackova,Brno-město,Jihomoravský
Brno,Poděbradova,Brno-město,Jihomoravský
Brno,Berkova,Brno-město,Jihomoravský
Brno,Mojmírovo náměstí,Brno-město,Jihomoravský
Brno,Křižíkova,Brno-město,Jihomoravský
Brno,Pod pražskou tratí,Brno-město,Jihomoravský
Brno,Divišova čtvrť,Brno-město,Jihomoravský
Brno,Pod Palackého vrchem,Brno-město,Jihomoravský
Brno,Herčíkova,Brno-město,Jihomoravský
Brno,Palackého,Brno-město,Jihomoravský
Brno,Myslínova,Brno-město,Jihomoravský
Brno,Kociánka,Brno-město,Jihomoravský
Brno,Zaječí hora,Brno-město,Jihomoravský
Brno,Kociánka-Hamerláky,Brno-město,Jihomoravský
Brno,Střelecký stadión,Brno-město,Jihomoravský
Brno,Banskobystrická,Brno-město,Jihomoravský
Brno,U Kuřimské,Brno-město,Jihomoravský
Brno,Sídliště Žitná-Kuřimská,Brno-město,Jihomoravský
Brno,Družstevní,Brno-město,Jihomoravský
Brno,Pod Malou Babou,Brno-město,Jihomoravský
Brno,Žilkova,Brno-město,Jihomoravský
Brno,Palackého náměstí,Brno-město,Jihomoravský
Brno,Sídliště Hapalova,Brno-město,Jihomoravský
Brno,Dolnice,Brno-město,Jihomoravský
Brno,Řečkovice-nádraží,Brno-město,Jihomoravský
Brno,Řečkovický mlýn,Brno-město,Jihomoravský
Brno,Kobylín,Brno-město,Jihomoravský
Brno,Tumaňanova,Brno-město,Jihomoravský
Brno,Sídliště Jabloňová,Brno-město,Jihomoravský
Brno,Vozovna Medlánky,Brno-město,Jihomoravský
Brno,Náměstí Odboje,Brno-město,Jihomoravský
Brno,Kytnerova,Brno-město,Jihomoravský
Brno,Bosně,Brno-město,Jihomoravský
Brno,Náměstí 28. dubna,Brno-město,Jihomoravský
Brno,Přístavní,Brno-město,Jihomoravský
Brno,Bystrc-jih,Brno-město,Jihomoravský
Brno,Údolí oddechu,Brno-město,Jihomoravský
Brno,Mniší hora,Brno-město,Jihomoravský
Brno,Vejrostova,Brno-město,Jihomoravský
Brno,Rakovec,Brno-město,Jihomoravský
Brno,Kozí horka-Chochola,Brno-město,Jihomoravský
Brno,Myslivna-Obora,Brno-město,Jihomoravský
Brno,Hrad Veveří,Brno-město,Jihomoravský
Brno,Kočičí žleb,Brno-město,Jihomoravský
Brno,Polesí Žebětín,Brno-město,Jihomoravský
Brno,Pohádka máje,Brno-město,Jihomoravský
Brno,Kníničky,Brno-město,Jihomoravský
Brno,Sokolské koupaliště,Brno-město,Jihomoravský
Brno,Líchy,Brno-město,Jihomoravský
Brno,Trnůvka,Brno-město,Jihomoravský
Brno,Pod Trnůvkou,Brno-město,Jihomoravský
Brno,Zouvalka,Brno-město,Jihomoravský
Brno,Bohunice-střed,Brno-město,Jihomoravský
Brno,Ukrajinská,Brno-město,Jihomoravský
Brno,Okrouhlá,Brno-město,Jihomoravský
Brno,Pomologický ústav,Brno-město,Jihomoravský
Brno,Kejbaly,Brno-město,Jihomoravský
Brno,Klobásova,Brno-město,Jihomoravský
Brno,Mikuláškovo náměstí,Brno-město,Jihomoravský
Brno,K Moravanům,Brno-město,Jihomoravský
Brno,Jihlavská-fakultní nemocnice,Brno-město,Jihomoravský
Brno,Bednářova,Brno-město,Jihomoravský
Brno,Královka,Brno-město,Jihomoravský
Brno,Kšírova,Brno-město,Jihomoravský
Brno,Řehákova,Brno-město,Jihomoravský
Brno,Lány,Brno-město,Jihomoravský
Brno,Dolní Heršpice,Brno-město,Jihomoravský
Brno,Vídeňská-sever,Brno-město,Jihomoravský
Brno,Dolní Heršpice-zahrádky,Brno-město,Jihomoravský
Brno,Přízřenice,Brno-město,Jihomoravský
Brno,Vídeňská-jih,Brno-město,Jihomoravský
Brno,Přízřenice-zahrádky,Brno-město,Jihomoravský
Brno,Tuřany,Brno-město,Jihomoravský
Brno,Pod Švédskými šancemi,Brno-město,Jihomoravský
Brno,Kněžské háje,Brno-město,Jihomoravský
Brno,K Sokolnicím,Brno-město,Jihomoravský
Brno,Brněnské Ivanovice,Brno-město,Jihomoravský
Brno,Kaštanová,Brno-město,Jihomoravský
Brno,Na návsi,Brno-město,Jihomoravský
Brno,Holásecká jezera,Brno-město,Jihomoravský
Brno,Přemyslovo náměstí,Brno-město,Jihomoravský
Brno,Tilhonova,Brno-město,Jihomoravský
Brno,Šlapanická trať,Brno-město,Jihomoravský
Brno,Tuřanka,Brno-město,Jihomoravský
Brno,Trnkova,Brno-město,Jihomoravský
Brno,Líšeň-jih,Brno-město,Jihomoravský
Brno,Líšeň-cihelna,Brno-město,Jihomoravský
Brno,Pod Stránskou skálou,Brno-město,Jihomoravský
Brno,Kubelíkova,Brno-město,Jihomoravský
Brno,Líšeň-sever,Brno-město,Jihomoravský
Brno,Kostelíček,Brno-město,Jihomoravský
Brno,Líšeň-zámek,Brno-město,Jihomoravský
Brno,Holzova,Brno-město,Jihomoravský
Brno,Mariánské údolí,Brno-město,Jihomoravský
Brno,Staré Zámky,Brno-město,Jihomoravský
Brno,Velká Klajdovka,Brno-město,Jihomoravský
Brno,Anaklety,Brno-město,Jihomoravský
Brno,Chochola,Brno-město,Jihomoravský
Brno,Karlova,Brno-město,Jihomoravský
Brno,Selská,Brno-město,Jihomoravský
Brno,Maloměřické nádraží,Brno-město,Jihomoravský
Brno,Cacovický mlýn,Brno-město,Jihomoravský
Brno,Jarní,Brno-město,Jihomoravský
Brno,Pod Hády,Brno-město,Jihomoravský
Brno,Hlaváčova,Brno-město,Jihomoravský
Brno,Bílovická-výpustky,Brno-město,Jihomoravský
Brno,K Bílovicím,Brno-město,Jihomoravský
Brno,Hradiska,Brno-město,Jihomoravský
Brno,Holé hory-Líchy,Brno-město,Jihomoravský
Brtnička,Brtnička,Jihlava,Vysočina
Praha,Březiněves,Praha,Praha
Pardubice,Černá za Bory,Pardubice,Pardubický
Pardubice,Drozdice,Pardubice,Pardubický
Pardubice,Mnětice,Pardubice,Pardubický
Pardubice,Staročernsko,Pardubice,Pardubický
Pardubice,Žižín,Pardubice,Pardubický
Plzeň,Černice,Plzeň-město,Plzeňský
Plzeň,Podhájí,Plzeň-město,Plzeňský
Plzeň,Radobyčice,Plzeň-město,Plzeňský
Praha,Dolní Černošice,Praha,Praha
Plzeň,Červený Hrádek,Plzeň-město,Plzeňský
Praha,Dolní Počernice,Praha,Praha
Praha,Vinice,Praha,Praha
Liberec,Malé Doubí,Liberec,Liberecký
Liberec,Doubí,Liberec,Liberecký
Liberec,Hluboká,Liberec,Liberecký
Liberec,Pilínkov,Liberec,Liberecký
Pardubice,Dražkovice,Pardubice,Pardubický
Olomouc,Droždín,Olomouc,Olomoucký
Praha,Dubeč,Praha,Praha
Brno,Dvorska,Brno-město,Jihomoravský
Cheb,Pelhřimov,Cheb,Karlovarský
Cheb,Háje,Cheb,Karlovarský
Cheb,Slapany,Cheb,Karlovarský
Olomouc,Holice,Olomouc,Olomoucký
Olomouc,Městský dvůr,Olomouc,Olomoucký
Praha,Horní Počernice,Praha,Praha
Praha,Chvaly,Praha,Praha
Praha,Xaverov,Praha,Praha
Pardubice,Hostovice,Pardubice,Pardubický
Ostrava,Hošťálkovice-jih,Ostrava-město,Moravskoslezský
Ostrava,Hošťálkovice-sever,Ostrava-město,Moravskoslezský
Hrutov,Hrutov,Jihlava,Vysočina
Cheb,Bříza,Cheb,Karlovarský
Cheb,Cetnov,Cheb,Karlovarský
Cheb,Podhoří,Cheb,Karlovarský
Cheb,Klest,Cheb,Karlovarský
Cheb,Skalka,Cheb,Karlovarský
Cheb,Střížov,Cheb,Karlovarský
Cheb,U nemocnice,Cheb,Karlovarský
Cheb,Zlatý vrch,Cheb,Karlovarský
Cheb,U Lodní brány,Cheb,Karlovarský
Cheb,Cheb-historické jádro I,Cheb,Karlovarský
Cheb,Cheb-historické jádro II,Cheb,Karlovarský
Cheb,U Zátiší,Cheb,Karlovarský
Cheb,Klášterní dvůr,Cheb,Karlovarský
Cheb,U Horní brány,Cheb,Karlovarský
Cheb,Pod Horní branou,Cheb,Karlovarský
Cheb,Zahrádky,Cheb,Karlovarský
Cheb,U stadiónu,Cheb,Karlovarský
Cheb,U nádraží,Cheb,Karlovarský
Cheb,Nádraží,Cheb,Karlovarský
Cheb,Za nádražím,Cheb,Karlovarský
Cheb,Hradiště-průmyslový obvod,Cheb,Karlovarský
Cheb,Maškov,Cheb,Karlovarský
Cheb,Dolní Dvory,Cheb,Karlovarský
Cheb,Horní Dvory,Cheb,Karlovarský
Cheb,Dřenice,Cheb,Karlovarský
Cheb,Jesenická přehrada,Cheb,Karlovarský
Cheb,Za klášterem,Cheb,Karlovarský
Praha,Cholupice,Praha,Praha
Praha,Točná,Praha,Praha
Olomouc,Chomoutov,Olomouc,Olomoucký
Brno,Chrlice,Brno-město,Jihomoravský
Brno,Ivanovice,Brno-město,Jihomoravský
Brno,Jehnice,Brno-město,Jihomoravský
Jílovice,Jílovice,Hradec Králové,Královéhradecký
Praha,Klánovice,Praha,Praha
Kněžice,Brodce,Jihlava,Vysočina
Kněžice,Kněžice,Jihlava,Vysočina
Kněžice,Rychlov,Jihlava,Vysočina
Kněžice,U rybníka Strážov,Jihlava,Vysočina
Kněžice,Víska,Jihlava,Vysočina
Ostrava,Amerika,Ostrava-město,Moravskoslezský
Ostrava,Koblov-střed,Ostrava-město,Moravskoslezský
Praha,Koloděje,Praha,Praha
Praha,Kolovraty,Praha,Praha
Praha,Lipany,Praha,Praha
Olomouc,Svatý Kopeček,Olomouc,Olomoucký
Plzeň,Koterov,Plzeň-město,Plzeňský
Praha,Královice,Praha,Praha
Liberec,Krásná Studánka,Liberec,Liberecký
Liberec,Radčice,Liberec,Liberecký
Ostrava,Krásné Pole,Ostrava-město,Moravskoslezský
Praha,Křeslice,Praha,Praha
Plzeň,Křimice,Plzeň-město,Plzeňský
Pardubice,Lány na Důlku,Pardubice,Pardubický
Pardubice,Opočínek,Pardubice,Pardubický
Ledce,Klášter nad Dědinou,Hradec Králové,Královéhradecký
Ledce,Ledce,Hradec Králové,Královéhradecký
Ledce,Újezdec,Hradec Králové,Královéhradecký
Leština,Doubravice,Ústí nad Orlicí,Pardubický
Leština,Dvořiště,Ústí nad Orlicí,Pardubický
Leština,Leština,Ústí nad Orlicí,Pardubický
Leština,Podhořany u Nových Hradů,Ústí nad Orlicí,Pardubický
Plzeň,Lhota,Plzeň-město,Plzeňský
Ostrava,Lhotka,Ostrava-město,Moravskoslezský
Liberec,Liberec-střed,Liberec,Liberecký
Liberec,Keilův vrch,Liberec,Liberecký
Liberec,Pod nádražím,Liberec,Liberecký
Liberec,Kristiánov,Liberec,Liberecký
Liberec,Nerudovo náměstí,Liberec,Liberecký
Liberec,Krajinská,Liberec,Liberecký
Liberec,Žižkovo náměstí,Liberec,Liberecký
Liberec,Výstaviště,Liberec,Liberecký
Liberec,Lidové sady,Liberec,Liberecký
Liberec,Horská,Liberec,Liberecký
Liberec,Lomy,Liberec,Liberecký
Liberec,Ruprechtice-sever,Liberec,Liberecký
Liberec,Ruprechtice-jih,Liberec,Liberecký
Liberec,Nové Pavlovice,Liberec,Liberecký
Liberec,Staré Pavlovice,Liberec,Liberecký
Liberec,Staré Pavlovice-východ,Liberec,Liberecký
Liberec,Čisticí stanice,Liberec,Liberecký
Liberec,Růžodol I,Liberec,Liberecký
Liberec,U skládky,Liberec,Liberecký
Liberec,Letiště,Liberec,Liberecký
Liberec,Františkov,Liberec,Liberecký
Liberec,Janův Důl,Liberec,Liberecký
Liberec,Horní Růžodol,Liberec,Liberecký
Liberec,Hanychov,Liberec,Liberecký
Liberec,Ještěd,Liberec,Liberecký
Liberec,Hanychov-průmyslový obvod,Liberec,Liberecký
Liberec,Nádraží,Liberec,Liberecký
Liberec,Rochlice-jih,Liberec,Liberecký
Liberec,Rochlice-sever,Liberec,Liberecký
Liberec,U Nisy-jih,Liberec,Liberecký
Liberec,U Nisy-sever,Liberec,Liberecký
Liberec,Perštýn,Liberec,Liberecký
Liberec,Králův háj,Liberec,Liberecký
Liberec,Husova,Liberec,Liberecký
Liberec,Nemocnice,Liberec,Liberecký
Liberec,Vysoká škola,Liberec,Liberecký
Liberec,Harcov I,Liberec,Liberecký
Liberec,Kunratická,Liberec,Liberecký
Liberec,Harcov II,Liberec,Liberecký
Liberec,Starý Harcov,Liberec,Liberecký
Liberec,Kateřinky,Liberec,Liberecký
Liberec,Rudolfov,Liberec,Liberecký
Liberec,Průmyslový obvod-u Ostašova,Liberec,Liberecký
Liberec,Horní Hanychov,Liberec,Liberecký
Liberec,Ostašov,Liberec,Liberecký
Liberec,Horní Suchá,Liberec,Liberecký
Liberec,Karlinky,Liberec,Liberecký
Praha,Lipence-Lipany,Praha,Praha
Praha,Lipence,Praha,Praha
Praha,Lochkov,Praha,Praha
Olomouc,Lošov,Olomouc,Olomoucký
Liberec,Bedřichovka,Liberec,Liberecký
Liberec,Karlov pod Ještědem,Liberec,Liberecký
Liberec,Machnín,Liberec,Liberecký
Bojanovice,Malá Lečice,Praha-západ,Středočeský
Plzeň,Dolní Vlkýš,Plzeň-město,Plzeňský
Plzeň,Malesice,Plzeň-město,Plzeňský
Meziříčko,Meziříčko,Žďár nad Sázavou,Vysočina
Mouchnice,Haluzice,Hodonín,Jihomoravský
Mouchnice,Mouchnice,Hodonín,Jihomoravský
Praha,Nedvězí,Praha,Praha
Olomouc,Nedvězí,Olomouc,Olomoucký
Olomouc,Nemilany,Olomouc,Olomoucký
Pardubice,Nemošice,Pardubice,Pardubický
Ostrava,Nová Bělá-Mitrovice,Ostrava-město,Moravskoslezský
Nové Hrady,Mokrá Lhota,Ústí nad Orlicí,Pardubický
Nové Hrady,Nové Hrady,Ústí nad Orlicí,Pardubický
Nové Hrady,Roudná,Ústí nad Orlicí,Pardubický
Nové Hrady,Rybníček,Ústí nad Orlicí,Pardubický
Oslavička,Oslavička,Žďár nad Sázavou,Vysočina
Pardubice,Ohrazenice,Pardubice,Pardubický
Olomouc,Olomouc-historické jádro,Olomouc,Olomoucký
Olomouc,Sady Flora,Olomouc,Olomoucký
Olomouc,Šantova,Olomouc,Olomoucký
Olomouc,17. listopadu,Olomouc,Olomoucký
Olomouc,Kpt. Nálepky,Olomouc,Olomoucký
Olomouc,Klášterní Hradisko,Olomouc,Olomoucký
Olomouc,Hádky,Olomouc,Olomoucký
Olomouc,Černovír,Olomouc,Olomoucký
Olomouc,Jezírka,Olomouc,Olomoucký
Olomouc,Lazce,Olomouc,Olomoucký
Olomouc,Trávníky,Olomouc,Olomoucký
Olomouc,Hejčín,Olomouc,Olomoucký
Olomouc,Pod lipami,Olomouc,Olomoucký
Olomouc,Šibeník,Olomouc,Olomoucký
Olomouc,Ovesniska,Olomouc,Olomoucký
Olomouc,Na ohradě,Olomouc,Olomoucký
Olomouc,Pod koupalištěm,Olomouc,Olomoucký
Olomouc,Norská,Olomouc,Olomoucký
Olomouc,Neředín,Olomouc,Olomoucký
Olomouc,Tererovo náměstí,Olomouc,Olomoucký
Olomouc,Stupkova,Olomouc,Olomoucký
Olomouc,Pionýrská,Olomouc,Olomoucký
Olomouc,Fakultní nemocnice,Olomouc,Olomoucký
Olomouc,Varšavské náměstí,Olomouc,Olomoucký
Olomouc,Štítného,Olomouc,Olomoucký
Olomouc,Na vozovce,Olomouc,Olomoucký
Olomouc,Stadiony,Olomouc,Olomoucký
Olomouc,Jihoslovanská,Olomouc,Olomoucký
Olomouc,Heyrovského,Olomouc,Olomoucký
Olomouc,Povel-jih,Olomouc,Olomoucký
Olomouc,Českobratrská,Olomouc,Olomoucký
Olomouc,Nové Sady-jih,Olomouc,Olomoucký
Olomouc,U rybářských stavů,Olomouc,Olomoucký
Olomouc,Přichystalova,Olomouc,Olomoucký
Olomouc,Tovární,Olomouc,Olomoucký
Olomouc,Kosmonautů,Olomouc,Olomoucký
Olomouc,Hlavní nádraží,Olomouc,Olomoucký
Olomouc,Hodolany,Olomouc,Olomoucký
Olomouc,Bělidla I,Olomouc,Olomoucký
Olomouc,Chválkovice,Olomouc,Olomoucký
Olomouc,Nový Svět,Olomouc,Olomoucký
Olomouc,Pavlovičky,Olomouc,Olomoucký
Olomouc,Řepčín,Olomouc,Olomoucký
Brno,Ořešín,Brno-město,Jihomoravský
Ostrava,Lázně,Ostrava-město,Moravskoslezský
Ostrava,Komenského sad,Ostrava-město,Moravskoslezský
Ostrava,Trolejbusové garáže,Ostrava-město,Moravskoslezský
Ostrava,Křižíkova,Ostrava-město,Moravskoslezský
Ostrava,Jirská osada,Ostrava-město,Moravskoslezský
Ostrava,Poděbradova-sever,Ostrava-město,Moravskoslezský
Ostrava,Valchařská,Ostrava-město,Moravskoslezský
Ostrava,Jindřiška,Ostrava-město,Moravskoslezský
Ostrava,Ostrava-střed II,Ostrava-město,Moravskoslezský
Ostrava,Ostrava-střed I,Ostrava-město,Moravskoslezský
Ostrava,Husův sad,Ostrava-město,Moravskoslezský
Ostrava,Radnice,Ostrava-město,Moravskoslezský
Ostrava,Historické jádro,Ostrava-město,Moravskoslezský
Ostrava,Výstaviště Černá louka,Ostrava-město,Moravskoslezský
Ostrava,Karolina,Ostrava-město,Moravskoslezský
Ostrava,Hlubina,Ostrava-město,Moravskoslezský
Ostrava,Autobusové nádraží,Ostrava-město,Moravskoslezský
Ostrava,Hlubinská osada,Ostrava-město,Moravskoslezský
Ostrava,Šalamouna-jih,Ostrava-město,Moravskoslezský
Ostrava,Hornické učiliště I,Ostrava-město,Moravskoslezský
Ostrava,Šalamouna-východ,Ostrava-město,Moravskoslezský
Ostrava,Šalamouna-západ,Ostrava-město,Moravskoslezský
Ostrava,Dům kultury,Ostrava-město,Moravskoslezský
Ostrava,Nemocnice Fifejdy,Ostrava-město,Moravskoslezský
Ostrava,Podchody Fifejdy,Ostrava-město,Moravskoslezský
Ostrava,Nákladové nádraží,Ostrava-město,Moravskoslezský
Ostrava,Cihelní,Ostrava-město,Moravskoslezský
Ostrava,Futurum,Ostrava-město,Moravskoslezský
Ostrava,Sídliště Fifejdy,Ostrava-město,Moravskoslezský
Ostrava,Cihelna-sklady,Ostrava-město,Moravskoslezský
Ostrava,U petrolejky,Ostrava-město,Moravskoslezský
Ostrava,Hlavní nádraží,Ostrava-město,Moravskoslezský
Ostrava,Rybníky,Ostrava-město,Moravskoslezský
Ostrava,Přívoz-sever,Ostrava-město,Moravskoslezský
Ostrava,Přívoz-střed,Ostrava-město,Moravskoslezský
Ostrava,Přívoz-východ,Ostrava-město,Moravskoslezský
Ostrava,Odval u Ostravice,Ostrava-město,Moravskoslezský
Ostrava,Na Františku,Ostrava-město,Moravskoslezský
Ostrava,Přívoz-Dolní pole,Ostrava-město,Moravskoslezský
Ostrava,Mariánské Hory-východ,Ostrava-město,Moravskoslezský
Ostrava,Pod cihelnou,Ostrava-město,Moravskoslezský
Ostrava,Švermova,Ostrava-město,Moravskoslezský
Ostrava,Mariánské Hory-střed,Ostrava-město,Moravskoslezský
Ostrava,Sídliště Vršovců,Ostrava-město,Moravskoslezský
Ostrava,Nový rybník,Ostrava-město,Moravskoslezský
Ostrava,U nádraží,Ostrava-město,Moravskoslezský
Ostrava,Nádraží Mariánské Hory,Ostrava-město,Moravskoslezský
Ostrava,Nad tratí,Ostrava-město,Moravskoslezský
Ostrava,Odvaly u Odry,Ostrava-město,Moravskoslezský
Ostrava,Nová Ves-sever,Ostrava-město,Moravskoslezský
Ostrava,Nová Ves-jih,Ostrava-město,Moravskoslezský
Ostrava,Přední rybník,Ostrava-město,Moravskoslezský
Ostrava,Bedřiška,Ostrava-město,Moravskoslezský
Ostrava,Železárenská,Ostrava-město,Moravskoslezský
Ostrava,Martinská,Ostrava-město,Moravskoslezský
Ostrava,Hornické učiliště II,Ostrava-město,Moravskoslezský
Ostrava,U plynojemu,Ostrava-město,Moravskoslezský
Ostrava,Vítkovice-střed,Ostrava-město,Moravskoslezský
Ostrava,Vítkovice-zámek,Ostrava-město,Moravskoslezský
Ostrava,Vítkovice-východ,Ostrava-město,Moravskoslezský
Ostrava,Jeremenkova osada,Ostrava-město,Moravskoslezský
Ostrava,Nádraží Vítkovice,Ostrava-město,Moravskoslezský
Ostrava,Lojzova,Ostrava-město,Moravskoslezský
Ostrava,Vítkovice-jih,Ostrava-město,Moravskoslezský
Ostrava,Vítkovice-stadión,Ostrava-město,Moravskoslezský
Ostrava,U nemocnice,Ostrava-město,Moravskoslezský
Ostrava,Nemocnice Zábřeh,Ostrava-město,Moravskoslezský
Ostrava,U závor,Ostrava-město,Moravskoslezský
Ostrava,Válcovní,Ostrava-město,Moravskoslezský
Ostrava,Syllabova,Ostrava-město,Moravskoslezský
Ostrava,Hulváky-jih,Ostrava-město,Moravskoslezský
Ostrava,Horní Pole,Ostrava-město,Moravskoslezský
Ostrava,Kunčičky-kalová pole,Ostrava-město,Moravskoslezský
Ostrava,Osada Míru,Ostrava-město,Moravskoslezský
Ostrava,Pod Lihovarskou,Ostrava-město,Moravskoslezský
Ostrava,Kunčičky-Škrobálkova,Ostrava-město,Moravskoslezský
Ostrava,Kunčice-sever,Ostrava-město,Moravskoslezský
Ostrava,Kunčice-jih,Ostrava-město,Moravskoslezský
Ostrava,Lešetínská,Ostrava-město,Moravskoslezský
Ostrava,Kunčice-za humny,Ostrava-město,Moravskoslezský
Ostrava,Kunčičky-Nová osada,Ostrava-město,Moravskoslezský
Ostrava,Kunčičky-u haldy,Ostrava-město,Moravskoslezský
Ostrava,Kunčice-střed,Ostrava-město,Moravskoslezský
Ostrava,Družstvo-sever,Ostrava-město,Moravskoslezský
Ostrava,Družstvo-jih,Ostrava-město,Moravskoslezský
Ostrava,Internáty,Ostrava-město,Moravskoslezský
Ostrava,U lípy,Ostrava-město,Moravskoslezský
Ostrava,Starý Zábřeh-střed,Ostrava-město,Moravskoslezský
Ostrava,Starý Zábřeh-sever,Ostrava-město,Moravskoslezský
Ostrava,Nad Samaritánskou,Ostrava-město,Moravskoslezský
Ostrava,Louky-sever,Ostrava-město,Moravskoslezský
Ostrava,Zábřeh-jih,Ostrava-město,Moravskoslezský
Ostrava,Nový Zábřeh-Chrjukinova,Ostrava-město,Moravskoslezský
Ostrava,Gurtěvova,Ostrava-město,Moravskoslezský
Ostrava,Volgogradská-sever,Ostrava-město,Moravskoslezský
Ostrava,Louky-jih,Ostrava-město,Moravskoslezský
Ostrava,Ulice Svornosti,Ostrava-město,Moravskoslezský
Ostrava,Zábřeh-u stadiónu,Ostrava-město,Moravskoslezský
Ostrava,Bělský les-západ,Ostrava-město,Moravskoslezský
Ostrava,Bělský les-východ,Ostrava-město,Moravskoslezský
Ostrava,U Bělského lesa,Ostrava-město,Moravskoslezský
Ostrava,Mitušova,Ostrava-město,Moravskoslezský
Ostrava,Odborářská,Ostrava-město,Moravskoslezský
Ostrava,Dvouletky,Ostrava-město,Moravskoslezský
Ostrava,Hrabůvka-učiliště,Ostrava-město,Moravskoslezský
Ostrava,Jubilejní kolonie,Ostrava-město,Moravskoslezský
Ostrava,U haldy,Ostrava-město,Moravskoslezský
Ostrava,Hrabůvka-odval,Ostrava-město,Moravskoslezský
Ostrava,Sídliště Šídlovec,Ostrava-město,Moravskoslezský
Ostrava,Hrabová,Ostrava-město,Moravskoslezský
Ostrava,U Ostravice,Ostrava-město,Moravskoslezský
Ostrava,Na Místecké,Ostrava-město,Moravskoslezský
Ostrava,Krmelínská,Ostrava-město,Moravskoslezský
Ostrava,Letiště-východ,Ostrava-město,Moravskoslezský
Ostrava,Nová Klegova,Ostrava-město,Moravskoslezský
Ostrava,Poliklinika Zábřeh,Ostrava-město,Moravskoslezský
Ostrava,Letiště-střed,Ostrava-město,Moravskoslezský
Ostrava,Letiště-západ,Ostrava-město,Moravskoslezský
Ostrava,Slezská Ostrava-střed,Ostrava-město,Moravskoslezský
Ostrava,Slezská Ostrava-Kamenec,Ostrava-město,Moravskoslezský
Ostrava,Slezská Ostrava-Hladnov,Ostrava-město,Moravskoslezský
Ostrava,Nová osada,Ostrava-město,Moravskoslezský
Ostrava,Heřmanice-Koněvova,Ostrava-město,Moravskoslezský
Ostrava,Ida,Ostrava-město,Moravskoslezský
Ostrava,Heřmanický rybník,Ostrava-město,Moravskoslezský
Ostrava,Heřmanice,Ostrava-město,Moravskoslezský
Ostrava,U Velkého Dvora,Ostrava-město,Moravskoslezský
Ostrava,Vrbická,Ostrava-město,Moravskoslezský
Ostrava,Fišerova,Ostrava-město,Moravskoslezský
Ostrava,Rychvaldská,Ostrava-město,Moravskoslezský
Ostrava,Radvanická,Ostrava-město,Moravskoslezský
Ostrava,Michálkovice-střed,Ostrava-město,Moravskoslezský
Ostrava,Pikartská,Ostrava-město,Moravskoslezský
Ostrava,Stromovka,Ostrava-město,Moravskoslezský
Ostrava,Na Najmanské,Ostrava-město,Moravskoslezský
Ostrava,Trojické údolí,Ostrava-město,Moravskoslezský
Ostrava,Slezská Ostrava-u hradu,Ostrava-město,Moravskoslezský
Ostrava,Ústřední hřbitov,Ostrava-město,Moravskoslezský
Ostrava,Zvěřina,Ostrava-město,Moravskoslezský
Ostrava,Salmovec,Ostrava-město,Moravskoslezský
Ostrava,Salma,Ostrava-město,Moravskoslezský
Ostrava,U Těšínské,Ostrava-město,Moravskoslezský
Ostrava,Dopravní podnik,Ostrava-město,Moravskoslezský
Ostrava,Nad Lučinou,Ostrava-město,Moravskoslezský
Ostrava,Zárubek,Ostrava-město,Moravskoslezský
Ostrava,Odval u Lučiny,Ostrava-město,Moravskoslezský
Ostrava,Na stavě,Ostrava-město,Moravskoslezský
Ostrava,Hrušov-střed,Ostrava-město,Moravskoslezský
Ostrava,Marxův sad,Ostrava-město,Moravskoslezský
Ostrava,Mexiko,Ostrava-město,Moravskoslezský
Ostrava,Muglinov,Ostrava-město,Moravskoslezský
Ostrava,Rehabilitační středisko,Ostrava-město,Moravskoslezský
Ostrava,Na cihelně,Ostrava-město,Moravskoslezský
Ostrava,Na Liščině,Ostrava-město,Moravskoslezský
Ostrava,Orlovská,Ostrava-město,Moravskoslezský
Ostrava,Hrušovský rybník,Ostrava-město,Moravskoslezský
Ostrava,U hřbitova,Ostrava-město,Moravskoslezský
Ostrava,Radvanice-střed,Ostrava-město,Moravskoslezský
Ostrava,Trnkovec,Ostrava-město,Moravskoslezský
Ostrava,U Velkého lesa,Ostrava-město,Moravskoslezský
Ostrava,Velký ostravský les,Ostrava-město,Moravskoslezský
Ostrava,Ludvík,Ostrava-město,Moravskoslezský
Ostrava,Les Bučina,Ostrava-město,Moravskoslezský
Ostrava,Podlesí,Ostrava-město,Moravskoslezský
Ostrava,Bartovice,Ostrava-město,Moravskoslezský
Ostrava,Paseky,Ostrava-město,Moravskoslezský
Ostrava,Lipinská,Ostrava-město,Moravskoslezský
Ostrava,U Bučínského lesa,Ostrava-město,Moravskoslezský
Ostrava,U Lučiny,Ostrava-město,Moravskoslezský
Ostrava,První obvod,Ostrava-město,Moravskoslezský
Ostrava,Budovatelská,Ostrava-město,Moravskoslezský
Ostrava,Dům kultury Poruba,Ostrava-město,Moravskoslezský
Ostrava,Náměstí Vítězslava Nováka,Ostrava-město,Moravskoslezský
Ostrava,Havanská,Ostrava-město,Moravskoslezský
Ostrava,Bohuslava Martinů,Ostrava-město,Moravskoslezský
Ostrava,Poruba-u stadiónu,Ostrava-město,Moravskoslezský
Ostrava,Poliklinika Poruba,Ostrava-město,Moravskoslezský
Ostrava,Liptaňské náměstí,Ostrava-město,Moravskoslezský
Ostrava,Čtvrtý obvod-jih,Ostrava-město,Moravskoslezský
Ostrava,Čtvrtý obvod-sever,Ostrava-město,Moravskoslezský
Ostrava,Pátý obvod-sever,Ostrava-město,Moravskoslezský
Ostrava,Pátý obvod-jih,Ostrava-město,Moravskoslezský
Ostrava,Nemocnice Poruba,Ostrava-město,Moravskoslezský
Ostrava,Myslivna,Ostrava-město,Moravskoslezský
Ostrava,Vysoké školy,Ostrava-město,Moravskoslezský
Ostrava,Osmý obvod,Ostrava-město,Moravskoslezský
Ostrava,Pustkovec,Ostrava-město,Moravskoslezský
Ostrava,Záplotí,Ostrava-město,Moravskoslezský
Ostrava,Poruba-učiliště,Ostrava-město,Moravskoslezský
Ostrava,Slavíkova,Ostrava-město,Moravskoslezský
Ostrava,Sedmý obvod,Ostrava-město,Moravskoslezský
Ostrava,Svoboda,Ostrava-město,Moravskoslezský
Ostrava,Padělky,Ostrava-město,Moravskoslezský
Ostrava,Martinov,Ostrava-město,Moravskoslezský
Ostrava,Dlouhý důl,Ostrava-město,Moravskoslezský
Ostrava,Martinovská smyčka,Ostrava-město,Moravskoslezský
Ostrava,U Opavice,Ostrava-město,Moravskoslezský
Ostrava,Turkov,Ostrava-město,Moravskoslezský
Ostrava,Třebovice-sever,Ostrava-město,Moravskoslezský
Ostrava,Třebovice,Ostrava-město,Moravskoslezský
Ostrava,1. máje,Ostrava-město,Moravskoslezský
Ostrava,Elektrárenská,Ostrava-město,Moravskoslezský
Ostrava,U Odry,Ostrava-město,Moravskoslezský
Ostrava,Nádraží Svinov,Ostrava-město,Moravskoslezský
Ostrava,Bílovecká,Ostrava-město,Moravskoslezský
Ostrava,Bratří Sedláčků,Ostrava-město,Moravskoslezský
Ostrava,V Mlýnské,Ostrava-město,Moravskoslezský
Ostrava,Svinov-střed,Ostrava-město,Moravskoslezský
Ostrava,Stará Poruba-východ,Ostrava-město,Moravskoslezský
Ostrava,Stará Poruba-západ,Ostrava-město,Moravskoslezský
Ostrava,Záhumenice,Ostrava-město,Moravskoslezský
Ostrava,Velká strana-sever,Ostrava-město,Moravskoslezský
Ostrava,Velká strana-jih,Ostrava-město,Moravskoslezský
Ostrava,Svinovský les,Ostrava-město,Moravskoslezský
Ostrava,Výškovice-sever,Ostrava-město,Moravskoslezský
Ostrava,Výškovice-západ,Ostrava-město,Moravskoslezský
Ostrava,Výškovice-východ,Ostrava-město,Moravskoslezský
Ostrava,U vodárny,Ostrava-město,Moravskoslezský
Ostrava,Proskovická,Ostrava-město,Moravskoslezský
Ostrava,U Korýtka,Ostrava-město,Moravskoslezský
Otročín,Brť,Karlovy Vary,Karlovarský
Otročín,Měchov,Karlovy Vary,Karlovarský
Otročín,Otročín,Karlovy Vary,Karlovarský
Otročín,Poseč,Karlovy Vary,Karlovarský
Otročín,Tisová,Karlovy Vary,Karlovarský
Pardubice,Pardubice-Staré Město,Pardubice,Pardubický
Pardubice,Střed,Pardubice,Pardubický
Pardubice,Zelené Předměstí,Pardubice,Pardubický
Pardubice,Zavadilka,Pardubice,Pardubický
Pardubice,Na spravedlnosti,Pardubice,Pardubický
Pardubice,Skřivánek,Pardubice,Pardubický
Pardubice,Dukla,Pardubice,Pardubický
Pardubice,Višňovka,Pardubice,Pardubický
Pardubice,Jesničánky,Pardubice,Pardubický
Pardubice,Zborovské náměstí,Pardubice,Pardubický
Pardubice,Pod vinicí,Pardubice,Pardubický
Pardubice,U kostelíčka,Pardubice,Pardubický
Pardubice,Na Spořilově,Pardubice,Pardubický
Pardubice,Na Drážce-západ,Pardubice,Pardubický
Pardubice,Věznice,Pardubice,Pardubický
Pardubice,Studánka,Pardubice,Pardubický
Pardubice,Pardubičky-průmyslový obvod,Pardubice,Pardubický
Pardubice,Pardubičky,Pardubice,Pardubický
Pardubice,Nemocnice,Pardubice,Pardubický
Pardubice,Pipenec,Pardubice,Pardubický
Pardubice,Sídliště Dubina,Pardubice,Pardubický
Pardubice,Velký les u Sezemic,Pardubice,Pardubický
Pardubice,Hůrka,Pardubice,Pardubický
Pardubice,Osada Hůrka,Pardubice,Pardubický
Pardubice,Horní polabina,Pardubice,Pardubický
Pardubice,Ležánka,Pardubice,Pardubický
Pardubice,Na slepých ramenech,Pardubice,Pardubický
Pardubice,Cihelna,Pardubice,Pardubický
Pardubice,Fáblovka-sever,Pardubice,Pardubický
Pardubice,Trnová,Pardubice,Pardubický
Pardubice,Polabiny II,Pardubice,Pardubický
Pardubice,Polabiny I,Pardubice,Pardubický
Pardubice,Stavařov,Pardubice,Pardubický
Pardubice,Polabiny III,Pardubice,Pardubický
Pardubice,Polabiny IV,Pardubice,Pardubický
Pardubice,Prutina,Pardubice,Pardubický
Pardubice,Zadní polabina,Pardubice,Pardubický
Pardubice,Svítkov,Pardubice,Pardubický
Pardubice,Svítkov-průmyslový obvod,Pardubice,Pardubický
Pardubice,Závodiště,Pardubice,Pardubický
Pardubice,Za závodištěm,Pardubice,Pardubický
Pardubice,Zelenobranská dubina,Pardubice,Pardubický
Pardubice,Nové Jesenčany,Pardubice,Pardubický
Ostrava,Petřkovice,Ostrava-město,Moravskoslezský
Praha,Písnice,Praha,Praha
Ostrava,Kopaniny,Ostrava-město,Moravskoslezský
Ostrava,Nová Plesná,Ostrava-město,Moravskoslezský
Ostrava,Stará Plesná,Ostrava-město,Moravskoslezský
Plzeň,Plzeň-historické jádro,Plzeň-město,Plzeňský
Plzeň,Centrum-východ,Plzeň-město,Plzeňský
Plzeň,Centrum-jih,Plzeň-město,Plzeňský
Plzeň,Centrum-jihozápad,Plzeň-město,Plzeňský
Plzeň,Centrum-západ,Plzeň-město,Plzeňský
Plzeň,Park kultury,Plzeň-město,Plzeňský
Plzeň,Záhorsko,Plzeň-město,Plzeňský
Plzeň,Roudná,Plzeň-město,Plzeňský
Plzeň,U Spartaku,Plzeň-město,Plzeňský
Plzeň,Hamburk,Plzeň-město,Plzeňský
Plzeň,Hlavní nádraží,Plzeň-město,Plzeňský
Plzeň,Pivovary,Plzeň-město,Plzeňský
Plzeň,Beranovka,Plzeň-město,Plzeňský
Plzeň,Bílá Hora,Plzeň-město,Plzeňský
Plzeň,Bolevec,Plzeň-město,Plzeňský
Plzeň,Nemocnice Lochotín,Plzeň-město,Plzeňský
Plzeň,Starý Lochotín,Plzeň-město,Plzeňský
Plzeň,Sídliště Lochotín-sever,Plzeň-město,Plzeňský
Plzeň,Vinice-jih,Plzeň-město,Plzeňský
Plzeň,Stará Košutka,Plzeň-město,Plzeňský
Plzeň,Bolevecké rybníky,Plzeň-město,Plzeňský
Plzeň,Petrohrad,Plzeň-město,Plzeňský
Plzeň,Lobezská-průmyslový obvod,Plzeň-město,Plzeňský
Plzeň,Papírna,Plzeň-město,Plzeňský
Plzeň,Nad papírnou,Plzeň-město,Plzeňský
Plzeň,Pod Homolkou,Plzeň-město,Plzeňský
Plzeň,U Jiráskova náměstí,Plzeň-město,Plzeňský
Plzeň,Staré Slovany,Plzeň-město,Plzeňský
Plzeň,Slovany-u stadionů,Plzeň-město,Plzeňský
Plzeň,Sídliště Slovany,Plzeň-město,Plzeňský
Plzeň,Petřín-západ,Plzeň-město,Plzeňský
Plzeň,Božkov,Plzeň-město,Plzeňský
Plzeň,Božkov-průmyslový obvod,Plzeň-město,Plzeňský
Plzeň,Slovany-průmyslový obvod,Plzeň-město,Plzeňský
Plzeň,Za Homolkou,Plzeň-město,Plzeňský
Plzeň,Homolka,Plzeň-město,Plzeňský
Plzeň,Hradiště,Plzeň-město,Plzeňský
Plzeň,Čechurov-jih,Plzeň-město,Plzeňský
Plzeň,Bručná-jih,Plzeň-město,Plzeňský
Plzeň,U zimního stadionu,Plzeň-město,Plzeňský
Plzeň,Bory-u nemocnice,Plzeň-město,Plzeňský
Plzeň,Nemocnice,Plzeň-město,Plzeňský
Plzeň,Proti Belánce,Plzeň-město,Plzeňský
Plzeň,Bezovka,Plzeň-město,Plzeňský
Plzeň,Nad Bezovkou,Plzeň-město,Plzeňský
Plzeň,Staré Bory,Plzeň-město,Plzeňský
Plzeň,Sídliště Bory,Plzeň-město,Plzeňský
Plzeň,Doudlevce-průmyslový obvod,Plzeň-město,Plzeňský
Plzeň,Doudlevce,Plzeň-město,Plzeňský
Plzeň,Výsluní,Plzeň-město,Plzeňský
Plzeň,České údolí,Plzeň-město,Plzeňský
Plzeň,Litická přehrada,Plzeň-město,Plzeňský
Plzeň,Valcha,Plzeň-město,Plzeňský
Plzeň,Borská pole,Plzeň-město,Plzeňský
Plzeň,Zelený trojúhelník,Plzeň-město,Plzeňský
Plzeň,Hlavní závod,Plzeň-město,Plzeňský
Plzeň,Na Stráních,Plzeň-město,Plzeňský
Plzeň,Přední Skvrňany,Plzeň-město,Plzeňský
Plzeň,Zadní Skvrňany,Plzeň-město,Plzeňský
Plzeň,Slovanské údolí,Plzeň-město,Plzeňský
Plzeň,Zátiší,Plzeň-město,Plzeňský
Plzeň,Nová Hospoda,Plzeň-město,Plzeňský
Plzeň,Lobzy,Plzeň-město,Plzeňský
Plzeň,Ústřední hřbitov,Plzeň-město,Plzeňský
Plzeň,Pod Švabinami,Plzeň-město,Plzeňský
Plzeň,Letná,Plzeň-město,Plzeňský
Plzeň,Malá Doubravka,Plzeň-město,Plzeňský
Plzeň,Sídliště Doubravka,Plzeň-město,Plzeňský
Plzeň,Doubravka,Plzeň-město,Plzeňský
Plzeň,Přední Újezd,Plzeň-město,Plzeňský
Plzeň,Zadní Újezd,Plzeň-město,Plzeňský
Plzeň,Bukovec,Plzeň-město,Plzeňský
Plzeň,Chlum,Plzeň-město,Plzeňský
Plzeň,Nad Týncem,Plzeň-město,Plzeňský
Plzeň,Jateční,Plzeň-město,Plzeňský
Plzeň,Litice,Plzeň-město,Plzeňský
Cheb,Podhrad,Cheb,Karlovarský
Ostrava,Janová-Přemyšov,Ostrava-město,Moravskoslezský
Ostrava,Polanka-střed,Ostrava-město,Moravskoslezský
Cheb,Chvoječná,Cheb,Karlovarský
Cheb,Loužek,Cheb,Karlovarský
Praha,Betlémský obvod,Praha,Praha
Praha,Josefov,Praha,Praha
Praha,Haštalský obvod,Praha,Praha
Praha,Jakubský obvod,Praha,Praha
Praha,Petrský obvod,Praha,Praha
Praha,Masarykovo nádraží,Praha,Praha
Praha,Jindřišský obvod,Praha,Praha
Praha,Smetanovo divadlo,Praha,Praha
Praha,Vodičkova,Praha,Praha
Praha,Vojtěšský obvod,Praha,Praha
Praha,Horní malostranský obvod,Praha,Praha
Praha,Seminářská zahrada,Praha,Praha
Praha,Strahovská zahrada,Praha,Praha
Praha,Pohořelec,Praha,Praha
Praha,Hrad,Praha,Praha
Praha,Dolní malostranský obvod,Praha,Praha
Praha,Pod Letnou,Praha,Praha
Praha,Náměstí Míru,Praha,Praha
Praha,Londýnská,Praha,Praha
Praha,Albertov,Praha,Praha
Praha,Štěpánský obvod-západ,Praha,Praha
Praha,Nad muzeem,Praha,Praha
Praha,Hlavní nádraží,Praha,Praha
Praha,Na Smetance,Praha,Praha
Praha,Riegrovy sady,Praha,Praha
Praha,U Riegrových sadů,Praha,Praha
Praha,U Čechových sadů,Praha,Praha
Praha,Havlíčkovy sady,Praha,Praha
Praha,Na Kleovce,Praha,Praha
Praha,Folimanka-východ,Praha,Praha
Praha,Nuselské údolí,Praha,Praha
Praha,Vyšehrad,Praha,Praha
Praha,Podskalí,Praha,Praha
Praha,Zderaz,Praha,Praha
Praha,Na Ohradě,Praha,Praha
Praha,Vápenka,Praha,Praha
Praha,Židovské pece,Praha,Praha
Praha,Nákladové nádraží,Praha,Praha
Praha,Vrch Svatého kříže,Praha,Praha
Praha,Havlíčkovo náměstí,Praha,Praha
Praha,Komenského náměstí,Praha,Praha
Praha,Vrch Žižkov,Praha,Praha
Praha,Pod Pražačkou,Praha,Praha
Praha,Na Krejcárku,Praha,Praha
Praha,Na Balkáně,Praha,Praha
Praha,Chmelnice,Praha,Praha
Praha,Jarov,Praha,Praha
Praha,Vackov,Praha,Praha
Praha,U Třebešína,Praha,Praha
Praha,Olšanské hřbitovy,Praha,Praha
Praha,Stromky,Praha,Praha
Praha,Flora,Praha,Praha
Praha,Řipská,Praha,Praha
Praha,U Olšan,Praha,Praha
Praha,Náměstí Jiřího z Poděbrad,Praha,Praha
Praha,Škroupovo náměstí,Praha,Praha
Praha,Sladkovského náměstí,Praha,Praha
Praha,U Rajské zahrady,Praha,Praha
Praha,Kostnické náměstí,Praha,Praha
Praha,Horní Krč,Praha,Praha
Praha,Dolní Krč-Ryšánka,Praha,Praha
Praha,Antala Staška,Praha,Praha
Praha,Na Zelené lišce,Praha,Praha
Praha,Pankrác-průmyslový obvod,Praha,Praha
Praha,Michelská,Praha,Praha
Praha,Krčský zámek,Praha,Praha
Praha,U krčského nádraží,Praha,Praha
Praha,Krčské údolí-západ,Praha,Praha
Praha,Krčské údolí-východ,Praha,Praha
Praha,Horní Jeremenkova,Praha,Praha
Praha,Pankrác I-východ,Praha,Praha
Praha,Pankrác I-západ,Praha,Praha
Praha,Pankrác II,Praha,Praha
Praha,Na Veselí,Praha,Praha
Praha,Reitknechtka,Praha,Praha
Praha,Baarova,Praha,Praha
Praha,Kačerov,Praha,Praha
Praha,Michelský les,Praha,Praha
Praha,Dolní Krč-Zálesí,Praha,Praha
Praha,Pod Jiráskovou čtvrtí,Praha,Praha
Praha,Novodvorská I,Praha,Praha
Praha,Novodvorská II-západ,Praha,Praha
Praha,Novodvorská II-východ,Praha,Praha
Praha,Jiráskova čtvrť,Praha,Praha
Praha,Jiráskova čtvrť-západ,Praha,Praha
Praha,Hodkovičky-východ,Praha,Praha
Praha,Ve studeném,Praha,Praha
Praha,Braník-Na křížku,Praha,Praha
Praha,Braník-Nad lomem,Praha,Praha
Praha,Dvorce,Praha,Praha
Praha,Děkanka,Praha,Praha
Praha,Kavčí hory,Praha,Praha
Praha,Na Kavčích horách,Praha,Praha
Praha,Na Pankráci,Praha,Praha
Praha,U soudu,Praha,Praha
Praha,U Jezerky,Praha,Praha
Praha,Tyršův vrch,Praha,Praha
Praha,Plynárna Michle,Praha,Praha
Praha,U michelské plynárny,Praha,Praha
Praha,Spořilov,Praha,Praha
Praha,Spořilov-u Chodovce,Praha,Praha
Praha,Horní Roztyly,Praha,Praha
Praha,Kunratický les,Praha,Praha
Praha,Zelené údolí,Praha,Praha
Praha,Krčská nemocnice,Praha,Praha
Praha,Sídliště Krč,Praha,Praha
Praha,Kolonie Tempo,Praha,Praha
Praha,Lhotka-střed,Praha,Praha
Praha,Kamýk-Zátiší,Praha,Praha
Praha,Hodkovičky-západ,Praha,Praha
Praha,Hodkovičky-pobřeží,Praha,Praha
Praha,Braník-jih,Praha,Praha
Praha,Braník-střed,Praha,Praha
Praha,Braník-pobřeží,Praha,Praha
Praha,Veslařský ostrov-Plavecký stadion,Praha,Praha
Praha,Staré Podolí,Praha,Praha
Praha,Pankrácké předmostí,Praha,Praha
Praha,Fidlovačka,Praha,Praha
Praha,U Fidlovačky-východ,Praha,Praha
Praha,Nuselský obvod,Praha,Praha
Praha,Spořilov II,Praha,Praha
Praha,Chodovec,Praha,Praha
Praha,Chodov-východ,Praha,Praha
Praha,Háje-střed,Praha,Praha
Praha,Hostivařská pláž,Praha,Praha
Praha,Milíčov,Praha,Praha
Praha,Jižní Město-Metro Opatov,Praha,Praha
Praha,Chodov-západ,Praha,Praha
Praha,Jižní Město II-jih,Praha,Praha
Praha,Jižní Město II-západ,Praha,Praha
Praha,Kunratice-východ,Praha,Praha
Praha,Kunratice-sever,Praha,Praha
Praha,Kunratice-střed,Praha,Praha
Praha,Kunratice-jih,Praha,Praha
Praha,Jalový Dvůr,Praha,Praha
Praha,Kunratice-Na jezerech,Praha,Praha
Praha,Libuš-Na jezerech,Praha,Praha
Praha,Libuš-střed,Praha,Praha
Praha,Sídliště Libuš,Praha,Praha
Praha,Kamýk-u Nových Dvorů,Praha,Praha
Praha,Libuš-Na Skalce,Praha,Praha
Praha,Sídliště Lhotka,Praha,Praha
Praha,U Kamýka,Praha,Praha
Praha,Kamýk,Praha,Praha
Praha,Sídliště Modřany-západ,Praha,Praha
Praha,Modřanská rokle,Praha,Praha
Praha,Baba III,Praha,Praha
Praha,Na Beránku,Praha,Praha
Praha,U Komořan-průmyslový obvod,Praha,Praha
Praha,Komořany-sever,Praha,Praha
Praha,U Komořan,Praha,Praha
Praha,Komořanský les,Praha,Praha
Praha,Komořany-jih,Praha,Praha
Praha,Komořany-pobřeží,Praha,Praha
Praha,Modřany-jih,Praha,Praha
Praha,Modřany-Na Babě,Praha,Praha
Praha,Modřany-střed,Praha,Praha
Praha,Modřany-pobřeží,Praha,Praha
Praha,Modřany-východ,Praha,Praha
Praha,Modřany-sever,Praha,Praha
Praha,Modřany-průmyslový obvod,Praha,Praha
Praha,Staré Radlice,Praha,Praha
Praha,Jinonice-průmyslový obvod-východ,Praha,Praha
Praha,Jinonická,Praha,Praha
Praha,Na Černém vrchu,Praha,Praha
Praha,Malvazinka,Praha,Praha
Praha,Smíchov-jižní Radlická,Praha,Praha
Praha,Kesnerka,Praha,Praha
Praha,Dívčí hrady,Praha,Praha
Praha,Jinonice-Na rovinách,Praha,Praha
Praha,Jinonice-střed,Praha,Praha
Praha,Na Vidouli,Praha,Praha
Praha,Pod Vidoulí,Praha,Praha
Praha,Košíře-střed,Praha,Praha
Praha,Kavalírka,Praha,Praha
Praha,Vrchlického,Praha,Praha
Praha,U malostranského hřbitova,Praha,Praha
Praha,Smíchov-průmyslový obvod,Praha,Praha
Praha,Na Skalce,Praha,Praha
Praha,Smíchovské nádraží,Praha,Praha
Praha,Staré Hlubočepy,Praha,Praha
Praha,Pod Dívčími hrady,Praha,Praha
Praha,Prokopské údolí,Praha,Praha
Praha,Jinonice-průmyslový obvod-západ,Praha,Praha
Praha,Jinonice-u stadiónu,Praha,Praha
Praha,Nové Butovice-jih,Praha,Praha
Praha,Jinonice-západ,Praha,Praha
Praha,Košíře-západ,Praha,Praha
Praha,Na hliníku,Praha,Praha
Praha,Motol-západ,Praha,Praha
Praha,Motolská nemocnice,Praha,Praha
Praha,Homolka,Praha,Praha
Praha,Pod Kotlářkou,Praha,Praha
Praha,Kotlářka,Praha,Praha
Praha,Skalka,Praha,Praha
Praha,U Císařky,Praha,Praha
Praha,Klamovka,Praha,Praha
Praha,Na Hřebenkách,Praha,Praha
Praha,Zahrada Kinských,Praha,Praha
Praha,Na Újezdě,Praha,Praha
Praha,Pod zahradou Kinských,Praha,Praha
Praha,Arbesovo náměstí,Praha,Praha
Praha,Na bělidle,Praha,Praha
Praha,Smíchovský pivovar,Praha,Praha
Praha,U železničního mostu,Praha,Praha
Praha,Císařská louka,Praha,Praha
Praha,Zlíchov,Praha,Praha
Praha,Hlubočepy-nad nádražím,Praha,Praha
Praha,Klukovice,Praha,Praha
Praha,Nová Ves,Praha,Praha
Praha,Pražská čtvrť-Na Žernovkách,Praha,Praha
Praha,Barrandov,Praha,Praha
Praha,Barrandov-ateliéry,Praha,Praha
Praha,Chuchelský háj,Praha,Praha
Praha,Malá Chuchle,Praha,Praha
Praha,Malá Chuchle-jih,Praha,Praha
Praha,Chuchelský háj-Doly,Praha,Praha
Praha,Velká Chuchle-střed,Praha,Praha
Praha,Velká Chuchle-závodiště,Praha,Praha
Praha,Lahovičky,Praha,Praha
Praha,Lahovice,Praha,Praha
Praha,Kladenská,Praha,Praha
Praha,Červený vrch,Praha,Praha
Praha,Hanspaulka,Praha,Praha
Praha,Staré Dejvice,Praha,Praha
Praha,Ořechovka,Praha,Praha
Praha,Střešovice-jih,Praha,Praha
Praha,Strahovské koleje,Praha,Praha
Praha,Kajetánka,Praha,Praha
Praha,Na bateriích,Praha,Praha
Praha,Střešovická nemocnice,Praha,Praha
Praha,Starý Veleslavín,Praha,Praha
Praha,Petřiny I,Praha,Praha
Praha,Petřiny II,Praha,Praha
Praha,Petřiny III,Praha,Praha
Praha,Nový Veleslavín,Praha,Praha
Praha,U Nového Veleslavína,Praha,Praha
Praha,Staré Vokovice,Praha,Praha
Praha,Džbán,Praha,Praha
Praha,Nad Šárkou,Praha,Praha
Praha,Jenerálka,Praha,Praha
Praha,Dolní a Horní Šárka,Praha,Praha
Praha,Šárecké údolí,Praha,Praha
Praha,Baba,Praha,Praha
Praha,Juliska,Praha,Praha
Praha,Vozovna Podbaba,Praha,Praha
Praha,U Internationálu,Praha,Praha
Praha,Vysoké školy,Praha,Praha
Praha,Úřednická kolonie,Praha,Praha
Praha,Nádraží Dejvice,Praha,Praha
Praha,U Písecké brány,Praha,Praha
Praha,Na hradbách,Praha,Praha
Praha,Strahov,Praha,Praha
Praha,Nový Břevnov,Praha,Praha
Praha,Velký Břevnov,Praha,Praha
Praha,Svatá Markéta,Praha,Praha
Praha,Vypich,Praha,Praha
Praha,Malý Břevnov,Praha,Praha
Praha,Hvězda,Praha,Praha
Praha,Nové Řepy,Praha,Praha
Praha,Sídliště Řepy I,Praha,Praha
Praha,Sídliště Řepy II-sever,Praha,Praha
Praha,Staré Řepy,Praha,Praha
Praha,Bílá hora,Praha,Praha
Praha,Jiviny,Praha,Praha
Praha,Ruzyně-západ,Praha,Praha
Praha,Ruzyně-pod letištěm,Praha,Praha
Praha,Ruzyně-nad tratí,Praha,Praha
Praha,Na Dědině-východ,Praha,Praha
Praha,Horní Liboc,Praha,Praha
Praha,Dolní Liboc,Praha,Praha
Praha,U Dolní Liboci,Praha,Praha
Praha,Na Dědině,Praha,Praha
Praha,Ruzyně-letiště,Praha,Praha
Praha,Na Padesátníku,Praha,Praha
Praha,Divoká Šárka,Praha,Praha
Praha,U Divoké Šárky,Praha,Praha
Praha,Nebušice-západ,Praha,Praha
Praha,Nebušice-střed,Praha,Praha
Praha,Nebušice-východ,Praha,Praha
Praha,Nebušice-sever,Praha,Praha
Praha,Lysolaje-západ,Praha,Praha
Praha,Lysolaje-jih,Praha,Praha
Praha,Lysolaje-údolí,Praha,Praha
Praha,Vysoká škola zemědělská-západ,Praha,Praha
Praha,Vysoká škola zemědělská-východ,Praha,Praha
Praha,Suchdol-Výhledy,Praha,Praha
Praha,Suchdol-střed,Praha,Praha
Praha,Suchdol-západ,Praha,Praha
Praha,Tiché údolí,Praha,Praha
Praha,Nad Tichým údolím,Praha,Praha
Praha,Starý Suchdol,Praha,Praha
Praha,Budovec,Praha,Praha
Praha,Starý Sedlec,Praha,Praha
Praha,Sedlec-průmyslový obvod,Praha,Praha
Praha,Císařský ostrov I,Praha,Praha
Praha,Nový Bubeneč,Praha,Praha
Praha,Náměstí Svobody,Praha,Praha
Praha,Dejvická,Praha,Praha
Praha,Starý Bubeneč,Praha,Praha
Praha,Nádraží Bubny,Praha,Praha
Praha,Bubny,Praha,Praha
Praha,Veletržní palác,Praha,Praha
Praha,U Sparty,Praha,Praha
Praha,Královská obora,Praha,Praha
Praha,Císařský ostrov II,Praha,Praha
Praha,Zoologická zahrada,Praha,Praha
Praha,U Hrachovky-botanická zahrada,Praha,Praha
Praha,Trojský obvod,Praha,Praha
Praha,Povltavský obvod,Praha,Praha
Praha,U mostu Barikádníků,Praha,Praha
Praha,Holešovice-elektrárna,Praha,Praha
Praha,Staré Holešovice,Praha,Praha
Praha,Ortenovo náměstí,Praha,Praha
Praha,Dělnická,Praha,Praha
Praha,Na Maninách,Praha,Praha
Praha,Holešovický přístav,Praha,Praha
Praha,Bubenské nábřeží,Praha,Praha
Praha,Štvanice,Praha,Praha
Praha,Nad letenským tunelem,Praha,Praha
Praha,Letenské sady,Praha,Praha
Praha,Čimice-východ,Praha,Praha
Praha,Beranov,Praha,Praha
Praha,U Čimického háje,Praha,Praha
Praha,Za Čimickým hájem,Praha,Praha
Praha,Čimice-střed,Praha,Praha
Praha,Horní Chabry,Praha,Praha
Praha,Ďáblice-pod hájem,Praha,Praha
Praha,Ládví,Praha,Praha
Praha,Za střelnicí,Praha,Praha
Praha,Horní Kobylisy,Praha,Praha
Praha,Kobylisy-pískovna,Praha,Praha
Praha,Pod kobyliskou vozovnou,Praha,Praha
Praha,Pod Čimickým hájem,Praha,Praha
Praha,Čimický háj,Praha,Praha
Praha,Sídliště Bohnice-východ,Praha,Praha
Praha,Bohnice-ústav,Praha,Praha
Praha,Staré Bohnice,Praha,Praha
Praha,Bohnice-sever,Praha,Praha
Praha,Čimice-západ,Praha,Praha
Praha,Čimice-sever,Praha,Praha
Praha,Chabry,Praha,Praha
Praha,Ďáblice-cihelna,Praha,Praha
Praha,Ďáblice-statek,Praha,Praha
Praha,Staré Ďáblice,Praha,Praha
Praha,Kobylisy-u hvězdárny,Praha,Praha
Praha,Ďáblice-u hřbitova,Praha,Praha
Praha,Slovanka,Praha,Praha
Praha,Nad Mazankou,Praha,Praha
Praha,Dolní Kobylisy,Praha,Praha
Praha,Nad Rokoskou,Praha,Praha
Praha,Kuchyňka,Praha,Praha
Praha,Na Dlážděnce,Praha,Praha
Praha,Šutka,Praha,Praha
Praha,Sídliště Bohnice-jihovýchod,Praha,Praha
Praha,Zámky-Podhoří,Praha,Praha
Praha,Bohnice-Zámky,Praha,Praha
Praha,Drahanská rokle-střed,Praha,Praha
Praha,Drahanská rokle-východ,Praha,Praha
Praha,Drahanská rokle-západ,Praha,Praha
Praha,Chabry-východ,Praha,Praha
Praha,Ďáblice-sever,Praha,Praha
Praha,Ďáblice-východ,Praha,Praha
Praha,Ďáblice-jih,Praha,Praha
Praha,Ďáblický hřbitov,Praha,Praha
Praha,Střížkov-sever,Praha,Praha
Praha,Starý Střížkov,Praha,Praha
Praha,Na Stráži,Praha,Praha
Praha,Nad Kolčavkou,Praha,Praha
Praha,Horní Libeň-Na Báni,Praha,Praha
Praha,Stará Libeň,Praha,Praha
Praha,Na Palmovce,Praha,Praha
Praha,Mezitratí-východ,Praha,Praha
Praha,Mezitratí-západ,Praha,Praha
Praha,Za Invalidovnou,Praha,Praha
Praha,Karlín-východ,Praha,Praha
Praha,Karlín-západ,Praha,Praha
Praha,Autobusové nádraží Florenc,Praha,Praha
Praha,Rohanský ostrov,Praha,Praha
Praha,Karlín-sever,Praha,Praha
Praha,U libeňského zámku,Praha,Praha
Praha,Bulovka,Praha,Praha
Praha,Klíčov,Praha,Praha
Praha,Bažantnice,Praha,Praha
Praha,Hloubětín-Kolbenova,Praha,Praha
Praha,Hloubětín-sever,Praha,Praha
Praha,U hloubětínské vozovny,Praha,Praha
Praha,Vysočany-průmyslový obvod,Praha,Praha
Praha,Pod Klíčovem,Praha,Praha
Praha,Krocínka,Praha,Praha
Praha,Nad Krocínkou,Praha,Praha
Praha,Prosek-východ,Praha,Praha
Praha,Nový Prosek,Praha,Praha
Praha,Letňany-u Proseku,Praha,Praha
Praha,Nad Klíčovem,Praha,Praha
Praha,K Vysočanům,Praha,Praha
Praha,U kbelských kasáren,Praha,Praha
Praha,K Letňanům,Praha,Praha
Praha,Nad bažantnicí,Praha,Praha
Praha,Na hutích-Rajská zahrada,Praha,Praha
Praha,Aloisov,Praha,Praha
Praha,Starý Hloubětín,Praha,Praha
Praha,U hloubětínské vinice,Praha,Praha
Praha,Hloubětín-průmyslový obvod,Praha,Praha
Praha,Vysočany-jih,Praha,Praha
Praha,Na Harfě,Praha,Praha
Praha,Staré Vysočany,Praha,Praha
Praha,Nad libeňským nádražím,Praha,Praha
Praha,Libeň-průmyslový obvod,Praha,Praha
Praha,Pod Harfou,Praha,Praha
Praha,Nové Vysočany,Praha,Praha
Praha,U svobodárny,Praha,Praha
Praha,Na Balabence,Praha,Praha
Praha,Podvinní,Praha,Praha
Praha,Na vyhlídce,Praha,Praha
Praha,Nový Střížkov,Praha,Praha
Praha,Starý Prosek,Praha,Praha
Praha,Střížkov-východ,Praha,Praha
Praha,Střížkov-Lovosická,Praha,Praha
Praha,Letňany-západ,Praha,Praha
Praha,Letov,Praha,Praha
Praha,Staré Letňany,Praha,Praha
Praha,Letňany-sever,Praha,Praha
Praha,Letňany-průmyslový obvod,Praha,Praha
Praha,Čakovice-západ,Praha,Praha
Praha,Čakovice-průmyslový obvod,Praha,Praha
Praha,Čakovice-sever,Praha,Praha
Praha,Třeboradice-jihozápad,Praha,Praha
Praha,Třeboradice-západ,Praha,Praha
Praha,Třeboradice-sever,Praha,Praha
Praha,Třeboradice-střed,Praha,Praha
Praha,U Miškovického mlýna,Praha,Praha
Praha,Miškovice,Praha,Praha
Praha,Čakovice-střed,Praha,Praha
Praha,Čakovice-jih,Praha,Praha
Praha,Čakovice-východ,Praha,Praha
Praha,Za Dolejším dvorem,Praha,Praha
Praha,Kbely-sever,Praha,Praha
Praha,Kbely-západ,Praha,Praha
Praha,Kbely-průmyslový obvod,Praha,Praha
Praha,Kbely-jih,Praha,Praha
Praha,Kbely-východ,Praha,Praha
Praha,Kyje-sever,Praha,Praha
Praha,Černý Most I,Praha,Praha
Praha,Staré Kyje,Praha,Praha
Praha,Hostavice-u Rokytky,Praha,Praha
Praha,Hostavice-střed,Praha,Praha
Praha,U Jahodnice-východ,Praha,Praha
Praha,Jahodnice-východ,Praha,Praha
Praha,Kyje-jih,Praha,Praha
Praha,Kyje-západ,Praha,Praha
Praha,Za horou-západ,Praha,Praha
Praha,Hrdlořezy-východ,Praha,Praha
Praha,Hrdlořezy-Tábor,Praha,Praha
Praha,Hrdlořezy-západ,Praha,Praha
Praha,Strašnice-Na Skalce,Praha,Praha
Praha,Strašnice-za Skalkou,Praha,Praha
Praha,Hostivař-Za vodárnou,Praha,Praha
Praha,Hostivař-průmyslový obvod,Praha,Praha
Praha,Hostivař-Štěrboholská,Praha,Praha
Praha,U hostivařského nádraží-Na Groši,Praha,Praha
Praha,Záběhlice-průmyslový obvod,Praha,Praha
Praha,Zahradní Město-východ,Praha,Praha
Praha,Hostivař-Zahradní Město,Praha,Praha
Praha,Zahradní Město-střed,Praha,Praha
Praha,Zahradní Město-západ,Praha,Praha
Praha,Seřaďovací nádraží,Praha,Praha
Praha,Průběžná,Praha,Praha
Praha,Rybníčky III,Praha,Praha
Praha,Rybníčky I-II,Praha,Praha
Praha,Solidarita,Praha,Praha
Praha,Zborov,Praha,Praha
Praha,Nové Strašnice,Praha,Praha
Praha,Strašnice-východ,Praha,Praha
Praha,Dolní Měcholupy-průmyslový obvod,Praha,Praha
Praha,Dolní Měcholupy-západ,Praha,Praha
Praha,Horní Měcholupy-sever,Praha,Praha
Praha,Hostivař-východ,Praha,Praha
Praha,Hornoměcholupská,Praha,Praha
Praha,Hostivař-střed,Praha,Praha
Praha,Hostivař-západ,Praha,Praha
Praha,Hostivař-Na Košíku,Praha,Praha
Praha,U záběhlického zámku,Praha,Praha
Praha,Nové Zahradní Město,Praha,Praha
Praha,Záběhlice-východ,Praha,Praha
Praha,Záběhlice-západ,Praha,Praha
Praha,Trnkov,Praha,Praha
Praha,Na Slatinách,Praha,Praha
Praha,Na Slatinách-sever,Praha,Praha
Praha,Michle-východ,Praha,Praha
Praha,Bohdalecké kolonie,Praha,Praha
Praha,Pod Bohdalcem,Praha,Praha
Praha,Bohdalec-sever,Praha,Praha
Praha,Bohdalec-jih,Praha,Praha
Praha,Vršovice-výtopna,Praha,Praha
Praha,KOH-I-NOOR,Praha,Praha
Praha,Vršovice-u Botiče,Praha,Praha
Praha,Vršovické nádraží,Praha,Praha
Praha,Staré Vršovice,Praha,Praha
Praha,Vršovice-střed,Praha,Praha
Praha,Vršovice-západ,Praha,Praha
Praha,Francouzská-Voroněžská,Praha,Praha
Praha,Vršovice-sever,Praha,Praha
Praha,Vršovice-východ,Praha,Praha
Praha,Hradešínská,Praha,Praha
Praha,U Orionky,Praha,Praha
Praha,Stadión Slavie,Praha,Praha
Praha,Nové Vršovice,Praha,Praha
Praha,Pod vinohradskou nemocnicí,Praha,Praha
Praha,Vinohradská nemocnice,Praha,Praha
Praha,Strašnice-západ,Praha,Praha
Praha,U Primasky,Praha,Praha
Praha,Nad Olšinami,Praha,Praha
Praha,U Hagiboru,Praha,Praha
Praha,U Hagiboru-západ,Praha,Praha
Praha,Třebešín,Praha,Praha
Praha,Květnická,Praha,Praha
Praha,Nové Malešice,Praha,Praha
Praha,U Nových Malešic,Praha,Praha
Praha,Staré Malešice,Praha,Praha
Praha,Hrdlořezy-u teplárny,Praha,Praha
Praha,Hloubětín-u teplárny,Praha,Praha
Praha,Štěrboholy-západ,Praha,Praha
Praha,U teplárny,Praha,Praha
Praha,Štěrboholy-střed,Praha,Praha
Praha,Dolní Měcholupy-sever,Praha,Praha
Praha,Dolní Měcholupy-střed,Praha,Praha
Praha,Dolní Měcholupy-východ,Praha,Praha
Praha,Dolní Měcholupy-jih,Praha,Praha
Praha,Horní Měcholupy-východ,Praha,Praha
Praha,Horní Měcholupy-střed,Praha,Praha
Praha,Horní Měcholupy-jih,Praha,Praha
Praha,Petrovice-sídliště,Praha,Praha
Praha,Petrovice-střed,Praha,Praha
Praha,Hostivařská přehrada,Praha,Praha
Ostrava,Proskovice,Ostrava-město,Moravskoslezský
Praha,Přední Kopanina,Praha,Praha
Plzeň,Radčice,Plzeň-město,Plzeňský
Radhošť,Radhošť,Ústí nad Orlicí,Pardubický
Radhošť,Sedlíšťka,Ústí nad Orlicí,Pardubický
Olomouc,Radíkov,Olomouc,Olomoucký
Praha,Cikánka,Praha,Praha
Praha,Radotín-střed,Praha,Praha
Pardubice,Rosice,Pardubice,Pardubický
Pardubice,Semtín-jih,Pardubice,Pardubický
Řepníky,Pěšice,Ústí nad Orlicí,Pardubický
Řepníky,Popovec,Ústí nad Orlicí,Pardubický
Řepníky,Řepníky,Ústí nad Orlicí,Pardubický
Praha,Ohrada,Praha,Praha
Praha,Řeporyje,Praha,Praha
Praha,Velká Ohrada,Praha,Praha
Praha,Zadní Kopanina,Praha,Praha
Praha,Satalice,Praha,Praha
Pardubice,Doubravice,Pardubice,Pardubický
Pardubice,Semtín-sever,Pardubice,Pardubický
Bojanovice,Senešnice,Praha-západ,Středočeský
Olomouc,Slavonín,Olomouc,Olomoucký
Praha,Holyně,Praha,Praha
Praha,Pražská čtvrť-západ,Praha,Praha
Praha,Slivenec,Praha,Praha
Praha,U jezírka,Praha,Praha
Brno,Soběšice-jih,Brno-město,Jihomoravský
Ostrava,Stará Bělá-sever,Ostrava-město,Moravskoslezský
Pardubice,Staré Čívice,Pardubice,Pardubický
Cheb,Hrozňatov,Cheb,Karlovarský
Praha,Dvůr Háje,Praha,Praha
Praha,Za Vidoulí,Praha,Praha
Praha,Stodůlky-střed,Praha,Praha
Stradouň,Stradouň,Ústí nad Orlicí,Pardubický
Praha,Hrnčíře,Praha,Praha
Praha,Šeberov,Praha,Praha
Tasov,Tasov,Žďár nad Sázavou,Vysočina
Olomouc,Topolany,Olomouc,Olomoucký
Cheb,Jindřichov,Cheb,Karlovarský
Cheb,Tršnice,Cheb,Karlovarský
Praha,Chaby V,Praha,Praha
Praha,Třebonice,Praha,Praha
Olomouc,Týneček,Olomouc,Olomoucký
Týnišťko,Týnišťko,Ústí nad Orlicí,Pardubický
Praha,Hájek,Praha,Praha
Praha,Pitkovice,Praha,Praha
Praha,Uhříněves,Praha,Praha
Praha,Újezd nad Lesy,Praha,Praha
Praha,Kateřinky,Praha,Praha
Praha,Újezd,Praha,Praha
Brno,Útěchov,Brno-město,Jihomoravský
Liberec,Vesec,Liberec,Liberecký
Vinary,Vinary,Ústí nad Orlicí,Pardubický
Praha,Vinoř,Praha,Praha
Liberec,Kunratice,Liberec,Liberecký
Liberec,Zelené údolí,Liberec,Liberecký
Liberec,Vratislavice-střed,Liberec,Liberecký
Vysoký Újezd,Vysoký Újezd,Hradec Králové,Královéhradecký
Praha,Peluněk,Praha,Praha
Praha,Zbraslav-Záběhlice,Praha,Praha
Praha,Žabovřesky,Praha,Praha
Praha,Baně,Praha,Praha
Praha,Sobín,Praha,Praha
Praha,Zličín-střed,Praha,Praha
Brno,Žebětín,Brno-město,Jihomoravský
Praha,U Nového Střížkova,Praha,Praha
Ostrava,Václava Jiříkovského,Ostrava-město,Moravskoslezský
Cheb,U Hradiště,Cheb,Karlovarský
Cheb,Nádrž Skalka,Cheb,Karlovarský
Cheb,Svatý Kříž,Cheb,Karlovarský
Plzeň,U cizineckého domu,Plzeň-město,Plzeňský
Plzeň,Zavadilka-sever,Plzeň-město,Plzeňský
Plzeň,Sídliště Košutka,Plzeň-město,Plzeňský
Plzeň,Košutka-průmyslový obvod,Plzeň-město,Plzeňský
Plzeň,Vinice-sever,Plzeň-město,Plzeňský
Plzeň,Valcha-Pod lesem,Plzeň-město,Plzeňský
Plzeň,Domažlická-průmyslový obvod,Plzeň-město,Plzeňský
Plzeň,Doubravka-průmyslový obvod,Plzeň-město,Plzeňský
Plzeň,Bukovec-průmyslový obvod,Plzeň-město,Plzeňský
Plzeň,Autobusové nádraží,Plzeň-město,Plzeňský
Liberec,Broumovská,Liberec,Liberecký
Pardubice,Fáblovka-východ,Pardubice,Pardubický
Brno,Bosonohy-sever,Brno-město,Jihomoravský
Brno,U dálnice,Brno-město,Jihomoravský
Brno,Splaviska,Brno-město,Jihomoravský
Brno,U přerovské trati,Brno-město,Jihomoravský
Brno,Kohoutovice-jih,Brno-město,Jihomoravský
Brno,Sevastopolská,Brno-město,Jihomoravský
Olomouc,Husova,Olomouc,Olomoucký
Olomouc,Na Vlčinci,Olomouc,Olomoucký
Olomouc,Na konečné,Olomouc,Olomoucký
Olomouc,Balcárkova,Olomouc,Olomoucký
Olomouc,U rybníka,Olomouc,Olomoucký
Olomouc,Nové Sady-sever,Olomouc,Olomoucký
Olomouc,Novosadská,Olomouc,Olomoucký
Olomouc,U solných mlýnů,Olomouc,Olomoucký
Olomouc,Bělidla II,Olomouc,Olomoucký
Olomouc,Chválkovice-jih,Olomouc,Olomoucký
Olomouc,Na dílech,Olomouc,Olomoucký
Olomouc,U hvězdárny,Olomouc,Olomoucký
Olomouc,Neředín-u pevnůstky,Olomouc,Olomoucký
Olomouc,U Chválkovic,Olomouc,Olomoucký
Ostrava,Koblov-Vrbina,Ostrava-město,Moravskoslezský
Ostrava,Štěrkovna,Ostrava-město,Moravskoslezský
Ostrava,Koblov-sever,Ostrava-město,Moravskoslezský
Ostrava,Landek,Ostrava-město,Moravskoslezský
Ostrava,Polanka-sever,Ostrava-město,Moravskoslezský
Ostrava,Polanka-jih,Ostrava-město,Moravskoslezský
Ostrava,Oderské údolí,Ostrava-město,Moravskoslezský
Ostrava,Stará Bělá-jih,Ostrava-město,Moravskoslezský
Ostrava,Nová Bělá-jih,Ostrava-město,Moravskoslezský
Praha,U Čelakovského sadů,Praha,Praha
Praha,Štěpánský obvod-východ,Praha,Praha
Praha,Hlavní nádraží-západ,Praha,Praha
Praha,Folimanka-západ,Praha,Praha
Praha,Nad Nuselským údolím,Praha,Praha
Praha,Pankrác-průmyslový obvod-sever,Praha,Praha
Praha,U Děkanky,Praha,Praha
Praha,Spořilov-za Jižní spojkou,Praha,Praha
Praha,Spořilov-u Jižní spojky,Praha,Praha
Praha,Podolí-pod Vyšehradem,Praha,Praha
Praha,Nové Butovice-západ,Praha,Praha
Praha,Dětský ostrov,Praha,Praha
Praha,Na bělidle-nábřeží,Praha,Praha
Praha,Smíchovský pivovar-nábřeží,Praha,Praha
Praha,U Císařské louky,Praha,Praha
Praha,Hradčanská-východ,Praha,Praha
Praha,Hradčanská-západ,Praha,Praha
Praha,U Bubnů,Praha,Praha
Praha,U Štvanice,Praha,Praha
Praha,Letná,Praha,Praha
Praha,Ďáblice-u hvězdárny,Praha,Praha
Praha,U Dolních Kobylis,Praha,Praha
Praha,Letňany-u Střížkova,Praha,Praha
Praha,Dolní Počernice-sever,Praha,Praha
Praha,Tábor-západ,Praha,Praha
Praha,U teplárny-jih,Praha,Praha
Praha,Štěrboholy-průmyslový obvod,Praha,Praha
Praha,Za Hornoměcholupskou,Praha,Praha
Praha,Jižní Město-Háje,Praha,Praha
Praha,Jižní Město-Háje-jih,Praha,Praha
Praha,Jižní Město-Nad Šeberovem,Praha,Praha
Praha,Jižní Město-Opatov-střed,Praha,Praha
Praha,Jižní Město-Opatov-sever,Praha,Praha
Praha,Jižní Město-Litochleby,Praha,Praha
Praha,Jižní Město II-sever,Praha,Praha
Praha,Písnice-průmyslový obvod,Praha,Praha
Praha,Na losech,Praha,Praha
Praha,Závist,Praha,Praha
Praha,Radotín,Praha,Praha
Praha,Radotín-východ,Praha,Praha
Praha,Malý háj,Praha,Praha
Praha,Velký háj u Radotína,Praha,Praha
Praha,Holyně-východ,Praha,Praha
Praha,Holyně-jih,Praha,Praha
Praha,Lužiny-střed,Praha,Praha
Praha,Luka,Praha,Praha
Praha,Pod Bílým Beránkem,Praha,Praha
Praha,Stodůlky-sever,Praha,Praha
Praha,Zličín-východ,Praha,Praha
Praha,Zličín-západ,Praha,Praha
Praha,Pod nemocnicí,Praha,Praha
Praha,Na Větrníku,Praha,Praha
Praha,Řepy-sever,Praha,Praha
Praha,Sídliště Řepy II-jih,Praha,Praha
Praha,Ruzyně-Na Července,Praha,Praha
Praha,Velká skála,Praha,Praha
Praha,Sídliště Bohnice-jihozápad,Praha,Praha
Praha,Sídliště Bohnice-západ,Praha,Praha
Praha,Nové Ďáblice,Praha,Praha
Praha,Nové Ďáblice-východ,Praha,Praha
Praha,Pod Ládvím,Praha,Praha
Praha,Nové Letňany,Praha,Praha
Praha,Na Dlouhých,Praha,Praha
Praha,Na hradišti,Praha,Praha
Praha,Satalice-sever,Praha,Praha
Praha,Satalice-pod tratí,Praha,Praha
Praha,Satalice-východ,Praha,Praha
Praha,U starých rybníků,Praha,Praha
Praha,Černý Most II-východ,Praha,Praha
Praha,Černý Most II-západ,Praha,Praha
Praha,Černý Most II-střed,Praha,Praha
Praha,Za poděbradskou silnicí,Praha,Praha
Praha,Horní Počernice-sever,Praha,Praha
Praha,K Vinoři,Praha,Praha
Praha,Horka,Praha,Praha
Praha,U Dolních Počernic,Praha,Praha
Praha,Homole-U Čecha,Praha,Praha
Praha,Eden,Praha,Praha
Praha,Uhříněves-sever,Praha,Praha
Liberec,Vratislavice-průmyslový obvod,Liberec,Liberecký
Liberec,U cihelny,Liberec,Liberecký
Liberec,Nová Ruda-sever,Liberec,Liberecký
Liberec,Prosečský hřeben,Liberec,Liberecký
Liberec,Tyršův vrch,Liberec,Liberecký
Liberec,Císařský kámen,Liberec,Liberecký
Praha,Na Fialce,Praha,Praha
Praha,U Košíkovského potoka,Praha,Praha
Praha,V Píšovicích,Praha,Praha
Ostrava,Jaromíra Matuška,Ostrava-město,Moravskoslezský
Ostrava,Františka Formana,Ostrava-město,Moravskoslezský
Ostrava,Vaňkova,Ostrava-město,Moravskoslezský
Ostrava,Dr. Šavrdy,Ostrava-město,Moravskoslezský
Praha,Kamýk-východ,Praha,Praha
Praha,Lhotka-Zátiší,Praha,Praha
Praha,Nové Dvory,Praha,Praha
Cheb,Pod Chlumečkem,Cheb,Karlovarský
Liberec,Nová Ruda-střed,Liberec,Liberecký
Liberec,Rochlice-střed,Liberec,Liberecký
Liberec,U pivovaru,Liberec,Liberecký
Pardubice,Polabiny V,Pardubice,Pardubický
Pardubice,Pardubice-sever,Pardubice,Pardubický
Pardubice,Nová Cihelna,Pardubice,Pardubický
Pardubice,Nový Svět,Pardubice,Pardubický
Brno,Velká cena,Brno-město,Jihomoravský
Brno,Bešůvka,Brno-město,Jihomoravský
Brno,Farinova zatáčka,Brno-město,Jihomoravský
Brno,Náměstí Svornosti,Brno-město,Jihomoravský
Brno,Soběšice-sever,Brno-město,Jihomoravský
Brno,Líšeň-východ,Brno-město,Jihomoravský
Brno,Slatina-sídliště,Brno-město,Jihomoravský
Brno,Hviezdoslavova,Brno-město,Jihomoravský
Brno,Roviny,Brno-město,Jihomoravský
Brno,Na Svobodné,Brno-město,Jihomoravský
Olomouc,Družební,Olomouc,Olomoucký
Praha,U nákladového nádraží,Praha,Praha
Praha,U Horních Roztyl,Praha,Praha
Praha,U michelské plynárny-východ,Praha,Praha
Praha,Hodkovičky-Zátiší,Praha,Praha
Praha,Modřany-pobřeží-sever,Praha,Praha
Praha,U Branického nádraží,Praha,Praha
Praha,U Paběnic,Praha,Praha
Praha,Libuš-východ,Praha,Praha
Praha,Cholupice-u Libušského potoka,Praha,Praha
Praha,Písnice-u Libušského potoka,Praha,Praha
Praha,U Libušského potoka,Praha,Praha
Praha,Budějovické náměstí-západ,Praha,Praha
Praha,Budějovické náměstí-východ,Praha,Praha
Praha,Kačerov-metro,Praha,Praha
Praha,Kačerov-u depa,Praha,Praha
Praha,Za velkým hájem,Praha,Praha
Praha,Velký háj,Praha,Praha
Praha,Nad lesním divadlem,Praha,Praha
Praha,Jižní Město-u tvrze,Praha,Praha
Praha,Chodov-u dálnice,Praha,Praha
Praha,Horní Kunratice,Praha,Praha
Praha,U Šeberáku,Praha,Praha
Praha,U Šeberáku-východ,Praha,Praha
Praha,Krč-Na jezerech,Praha,Praha
Praha,Libuš-sever I,Praha,Praha
Praha,Libuš-sever II,Praha,Praha
Praha,Lhotka-jih,Praha,Praha
Praha,Pod Jalovým Dvorem,Praha,Praha
Praha,U Píšovic,Praha,Praha
Praha,Sídliště Modřany-Nad roklí,Praha,Praha
Praha,Baba II,Praha,Praha
Praha,Cholupický vrch-západ,Praha,Praha
Praha,Milíčovský les,Praha,Praha
Praha,Na Formance,Praha,Praha
Praha,U Hrnčířů,Praha,Praha
Praha,V černém rybníce,Praha,Praha
Praha,Lada,Praha,Praha
Praha,U studánky-západ,Praha,Praha
Praha,U studánky-východ,Praha,Praha
Praha,Písnice-sídliště,Praha,Praha
Praha,V dymači,Praha,Praha
Praha,Písnice-skladový areál,Praha,Praha
Praha,Kunratice-skladový areál,Praha,Praha
Praha,Vrtilka,Praha,Praha
Praha,U nové louky,Praha,Praha
Praha,K Cholupicům,Praha,Praha
Praha,Cholupický vrch-východ,Praha,Praha
Praha,Cholupická bažantnice,Praha,Praha
Praha,V poustkách,Praha,Praha
Praha,V hájcích,Praha,Praha
Praha,Pod březinou,Praha,Praha
Praha,Šance,Praha,Praha
Praha,Radlice-průmyslový obvod,Praha,Praha
Praha,U Malé Ohrady,Praha,Praha
Praha,U Prokopského údolí,Praha,Praha
Praha,Za Vidoulí-sever,Praha,Praha
Praha,U motolské nemocnice,Praha,Praha
Praha,Nový Zlíchov,Praha,Praha
Praha,U Malé Chuchle,Praha,Praha
Praha,Chuchelský háj-západ,Praha,Praha
Praha,Slavičí údolí,Praha,Praha
Praha,U Sobína,Praha,Praha
Praha,Nové Butovice-východ,Praha,Praha
Praha,Motol-u opravny,Praha,Praha
Praha,Barrandov I,Praha,Praha
Praha,Barrandov II,Praha,Praha
Praha,Barrandov III,Praha,Praha
Praha,Barrandov IV,Praha,Praha
Praha,Barrandov V,Praha,Praha
Praha,Barrandov VI,Praha,Praha
Praha,Barrandov VII,Praha,Praha
Praha,Lahovičky-soutok,Praha,Praha
Praha,U Valtrů,Praha,Praha
Praha,Nad závodištěm,Praha,Praha
Praha,Radotín-průmyslový obvod,Praha,Praha
Praha,Za humny,Praha,Praha
Praha,Krňák,Praha,Praha
Praha,Nad lomem,Praha,Praha
Praha,U vysílače,Praha,Praha
Praha,Strnady,Praha,Praha
Praha,U cementárny,Praha,Praha
Praha,Na pískách,Praha,Praha
Praha,Nad cementárnou,Praha,Praha
Praha,U Lochkovského potoka,Praha,Praha
Praha,Kopaninský les,Praha,Praha
Praha,Na Skalicích,Praha,Praha
Praha,Za chalupami-Na lipách,Praha,Praha
Praha,U Chuchelského háje,Praha,Praha
Praha,Lahovská,Praha,Praha
Praha,Nad Chuchlí,Praha,Praha
Praha,Za fořtem,Praha,Praha
Praha,Nad Zmrzlíkem,Praha,Praha
Praha,Průhony,Praha,Praha
Praha,Lány-jih,Praha,Praha
Praha,Lány-sever,Praha,Praha
Praha,U Dalejského potoka-západ,Praha,Praha
Praha,U Dalejského potoka-východ,Praha,Praha
Praha,U Dalejského potoka-pod Ohradou,Praha,Praha
Praha,Pod Zbuzany-východ,Praha,Praha
Praha,Ke Chrášťanům,Praha,Praha
Praha,Lužiny-jih,Praha,Praha
Praha,Stodůlky-východ,Praha,Praha
Praha,Stodůlky-západ,Praha,Praha
Praha,Chaby I-západ,Praha,Praha
Praha,Chaby II,Praha,Praha
Praha,Chaby III-západ,Praha,Praha
Praha,Chaby IV-západ,Praha,Praha
Praha,Chaby VI-západ,Praha,Praha
Praha,Pod Zličínem,Praha,Praha
Praha,Na Radosti-východ,Praha,Praha
Praha,Na Třebonicku-jih,Praha,Praha
Praha,U Čekala,Praha,Praha
Praha,K Nebušicům,Praha,Praha
Praha,Březiněves-západ,Praha,Praha
Praha,Březiněves-východ,Praha,Praha
Praha,Švábky-západ,Praha,Praha
Praha,Švábky-východ,Praha,Praha
Praha,Na hutích-západ,Praha,Praha
Praha,Nad Aloisovem,Praha,Praha
Praha,U Harfy,Praha,Praha
Praha,U Kbel,Praha,Praha
Praha,U Čakovic,Praha,Praha
Praha,U Jahodnice-západ,Praha,Praha
Praha,Jahodnice-západ,Praha,Praha
Praha,Horní Počernice-západ,Praha,Praha
Praha,Horní Počernice-za Novopackou,Praha,Praha
Praha,U starých rybníků-západ,Praha,Praha
Praha,Na zlatém,Praha,Praha
Praha,Pod Prosekem,Praha,Praha
Praha,Vysočany-garáže,Praha,Praha
Praha,Lehovec,Praha,Praha
Praha,Hloubětín-Tábor,Praha,Praha
Praha,U starých rybníků-jih,Praha,Praha
Praha,Čihadla,Praha,Praha
Praha,U Černého Mostu-východ,Praha,Praha
Praha,U Černého Mostu-západ,Praha,Praha
Praha,Cirkusová,Praha,Praha
Praha,Ve žlíbku,Praha,Praha
Praha,Xaverov-východ,Praha,Praha
Praha,Nad křížky,Praha,Praha
Praha,U křížku,Praha,Praha
Praha,Nad křížky-jih,Praha,Praha
Praha,Vidrholec,Praha,Praha
Praha,Vidrholec-sever,Praha,Praha
Praha,Za vinicí,Praha,Praha
Praha,Běchovice-jih,Praha,Praha
Praha,Újezd nad Lesy-západ,Praha,Praha
Praha,Újezd nad Lesy-jih,Praha,Praha
Praha,Rohožník,Praha,Praha
Praha,U Rokytky,Praha,Praha
Praha,Běchovice-za tratí,Praha,Praha
Praha,Běchovice-ústavy,Praha,Praha
Praha,Xaverovský háj,Praha,Praha
Praha,Nad Vinicí,Praha,Praha
Praha,U topolu,Praha,Praha
Praha,Záhorský,Praha,Praha
Praha,Hostivař-za Skalkou,Praha,Praha
Praha,Hostivař-u vozovny,Praha,Praha
Praha,Nové Štěrboholy,Praha,Praha
Praha,Petrovice-Hostivařská přehrada,Praha,Praha
Praha,U Zborova,Praha,Praha
Praha,Zborov-východ,Praha,Praha
Praha,Horní Měcholupy-západ,Praha,Praha
Praha,Štít,Praha,Praha
Praha,Petrovice-východ,Praha,Praha
Praha,Pitkovice-sever,Praha,Praha
Praha,V křížcích,Praha,Praha
Praha,Na korunce-Podleský Mlýn,Praha,Praha
Praha,U Hájku,Praha,Praha
Praha,U Netluk,Praha,Praha
Praha,Na březinách,Praha,Praha
Praha,U Markéty,Praha,Praha
Praha,Dolnice,Praha,Praha
Praha,Nad Dolnicemi,Praha,Praha
Praha,K Nedvězí,Praha,Praha
Praha,Na Radhošti,Praha,Praha
Praha,U Říčan,Praha,Praha
Praha,U Lipan,Praha,Praha
Praha,Ke kříži,Praha,Praha
Praha,Ke Křeslicům,Praha,Praha
Praha,K Pitkovicům,Praha,Praha
Praha,Pilské,Praha,Praha
Ostrava,Za humny,Ostrava-město,Moravskoslezský
Ostrava,Nová Bělá-sever,Ostrava-město,Moravskoslezský
Pardubice,U Zámečku-západ,Pardubice,Pardubický
Pardubice,Studánka-průmyslový obvod,Pardubice,Pardubický
Praha,V Čelakovského sadech,Praha,Praha
Praha,U muzea,Praha,Praha
Praha,U Nové Vsi,Praha,Praha
Praha,Nová Ves-jih,Praha,Praha
Praha,Čimice-Dopraváků,Praha,Praha
Praha,Masarykovo nádraží-východ,Praha,Praha
Praha,Hloubětín-u Rokytky,Praha,Praha
Praha,Za horou-východ,Praha,Praha
Praha,Tábor,Praha,Praha
Praha,Hloubětín-Tábor-východ,Praha,Praha
Praha,Štěrboholy-Za vodárnou,Praha,Praha
Praha,Štěrboholy-u vozovny,Praha,Praha
Praha,Kyje-u teplárny,Praha,Praha
Praha,Štěrboholy-u teplárny,Praha,Praha
Praha,Řepora,Praha,Praha
Praha,Pod Zbuzany-západ,Praha,Praha
Praha,Pod Krtní,Praha,Praha
Praha,Hostivař-u Záběhlic-sever,Praha,Praha
Praha,V Podbabě,Praha,Praha
Pardubice,Na špici,Pardubice,Pardubický
Praha,Dolní Měcholupy-za tratí,Praha,Praha
Brno,Soudní,Brno-město,Jihomoravský
Brno,Spolková,Brno-město,Jihomoravský
Liberec,Javorová,Liberec,Liberecký
Liberec,U jezírka,Liberec,Liberecký
Liberec,Jeřáb,Liberec,Liberecký
Liberec,U Janova Dolu,Liberec,Liberecký
Liberec,Horní Růžodol-západ,Liberec,Liberecký
Liberec,Rochlice-západ,Liberec,Liberecký
Liberec,Janův Důl-za tratí,Liberec,Liberecký
Liberec,Černá hora,Liberec,Liberecký
Liberec,Rochlice-průmyslový obvod,Liberec,Liberecký
Liberec,Hradební,Liberec,Liberecký
Liberec,U Nisy-střed,Liberec,Liberecký
Liberec,Aloisina výšina,Liberec,Liberecký
Liberec,Wolkerova,Liberec,Liberecký
Liberec,U vysílačky,Liberec,Liberecký
Plzeň,Sídliště Lochotín-jih,Plzeň-město,Plzeňský
Plzeň,Vyšehrad,Plzeň-město,Plzeňský
Plzeň,Čechurov-sever,Plzeň-město,Plzeňský
Plzeň,Bručná-sever,Plzeň-město,Plzeňský
Plzeň,U Doudleveckého hřbitova,Plzeň-město,Plzeňský
Plzeň,Zavadilka-jih,Plzeň-město,Plzeňský
Ostrava,Cholevova,Ostrava-město,Moravskoslezský
Ostrava,Sionkova-garáže,Ostrava-město,Moravskoslezský
Ostrava,Vědecko-výzkumný ústav,Ostrava-město,Moravskoslezský
Ostrava,Nad Rudnou,Ostrava-město,Moravskoslezský
Ostrava,Za šachtou,Ostrava-město,Moravskoslezský
Ostrava,Bartovický les,Ostrava-město,Moravskoslezský
Ostrava,Nová Huť,Ostrava-město,Moravskoslezský
Ostrava,Hrabová-za řekou,Ostrava-město,Moravskoslezský
Ostrava,Pod hulváckým lesem,Ostrava-město,Moravskoslezský
Ostrava,Martinská kolonie,Ostrava-město,Moravskoslezský
Ostrava,Vítkovice-závod,Ostrava-město,Moravskoslezský
Ostrava,Domovy důchodců,Ostrava-město,Moravskoslezský
Olomouc,Černá cesta,Olomouc,Olomoucký
Olomouc,Sobieského,Olomouc,Olomoucký
Olomouc,Pražská-východ,Olomouc,Olomoucký
Olomouc,Pražská-západ,Olomouc,Olomoucký
Olomouc,Stiborova,Olomouc,Olomoucký
Olomouc,Karafiátova,Olomouc,Olomoucký
Olomouc,Holická,Olomouc,Olomoucký
Olomouc,Bystrovanská,Olomouc,Olomoucký
Olomouc,Ondřejova,Olomouc,Olomoucký
Olomouc,Schweitzerova,Olomouc,Olomoucký
Olomouc,Hodolany-průmyslový obvod,Olomouc,Olomoucký
Praha,Sídliště Spořilov I-východ,Praha,Praha
Praha,U Fidlovačky-západ,Praha,Praha
Praha,Střížkov-Rumburská,Praha,Praha
Praha,Střížkov-Lovosická-jih,Praha,Praha
Praha,Na Třebonicku-západ,Praha,Praha
Praha,Chaby I-východ,Praha,Praha
Praha,Chaby III-východ,Praha,Praha
Praha,Chaby IV-východ,Praha,Praha
Praha,Chaby VI-východ,Praha,Praha
Praha,Na Radosti-západ,Praha,Praha
Praha,Na Třebonicku-sever,Praha,Praha
Olomouc,Kropáčov,Olomouc,Olomoucký
Praha,U Ladronky,Praha,Praha
Praha,Nad Vinným potokem,Praha,Praha
Brno,Mladá hora,Brno-město,Jihomoravský
Brno,Na mateří,Brno-město,Jihomoravský
Brno,Nad cihelnou,Brno-město,Jihomoravský
Brno,Výšina,Brno-město,Jihomoravský
Pardubice,Na Drážce-východ,Pardubice,Pardubický
Pardubice,Slovany,Pardubice,Pardubický
Pardubice,Popkovice,Pardubice,Pardubický
Pardubice,Fáblovka-západ,Pardubice,Pardubický
Pardubice,Drozdice-průmyslový obvod,Pardubice,Pardubický
Pardubice,U Zámečku-východ,Pardubice,Pardubický
Liberec,Pod Novou Rudou,Liberec,Liberecký
Liberec,Doubí-průmyslová zóna,Liberec,Liberecký
Liberec,Špičák,Liberec,Liberecký
Liberec,K Dlouhému Mostu,Liberec,Liberecký
Plzeň,Křimice-východ,Plzeň-město,Plzeňský
Plzeň,Radčice-Pod Kyjovem,Plzeň-město,Plzeňský
Praha,Sedlec-u výtopny,Praha,Praha
Pardubice,U Polabin IV,Pardubice,Pardubický
Nové Hrady,Roudenské údolí,Ústí nad Orlicí,Pardubický
Praha,Sídliště Spořilov I,Praha,Praha
Praha,U Jižní spojky,Praha,Praha
Praha,Jinonice-Pod Vidoulí,Praha,Praha
Praha,Radotín-Pod Velkým hájem,Praha,Praha
Praha,Lipence-u dálnice,Praha,Praha
Praha,Kazín,Praha,Praha
Praha,Na Hůrce,Praha,Praha
Praha,Komerční zóna Horní Počernice-sever,Praha,Praha
Plzeň,Sylván,Plzeň-město,Plzeňský
Cheb,Na Vyhlídce,Cheb,Karlovarský
Cheb,Sídliště Zlatý vrch,Cheb,Karlovarský
Cheb,Zátiší-Myslivna,Cheb,Karlovarský
Cheb,Komorní Dvůr,Cheb,Karlovarský
Cheb,Podhrad-východ,Cheb,Karlovarský
Liberec,Nový Harcov,Liberec,Liberecký
Liberec,Staré Pavlovice-sever,Liberec,Liberecký
Brno,U vodárny,Brno-město,Jihomoravský
Brno,Teyschlova,Brno-město,Jihomoravský
Brno,Foltýnova,Brno-město,Jihomoravský
Brno,Kamechy-východ,Brno-město,Jihomoravský
Brno,Kamechy-západ,Brno-město,Jihomoravský
Olomouc,Průmyslová zóna Hodolany,Olomouc,Olomoucký
Pardubice,Kréta,Pardubice,Pardubický
Pardubice,Průmyslová zóna Staré Čívice,Pardubice,Pardubický
Pardubice,Na Haldě,Pardubice,Pardubický
Pardubice,Nová Hůrka,Pardubice,Pardubický
Pardubice,U Jesničánek,Pardubice,Pardubický
Pardubice,Zámek,Pardubice,Pardubický
Pardubice,Labská,Pardubice,Pardubický
Pardubice,Zimní stadion,Pardubice,Pardubický
Pardubice,Židov,Pardubice,Pardubický
Pardubice,Dubina-jih,Pardubice,Pardubický
Pardubice,Obchodní zóna Trnová,Pardubice,Pardubický
Pardubice,Nová Trnová,Pardubice,Pardubický
Pardubice,Obchodní a výrobní areál,Pardubice,Pardubický
Pardubice,U Vinice,Pardubice,Pardubický
Pardubice,U krematoria,Pardubice,Pardubický
Plzeň,Staré Slovany-západ,Plzeň-město,Plzeňský
Plzeň,Květná,Plzeň-město,Plzeňský
Plzeň,Sídliště Slovany-sever,Plzeň-město,Plzeňský
Plzeň,Vyšehrad-Na vyhlídce,Plzeň-město,Plzeňský
Plzeň,Borské polesí,Plzeň-město,Plzeňský
Plzeň,U Mže,Plzeň-město,Plzeňský
Plzeň,U Svatého Jiří,Plzeň-město,Plzeňský
Plzeň,Zábělská,Plzeň-město,Plzeňský
Plzeň,U Panského Dvora,Plzeň-město,Plzeňský
Plzeň,Petřín-východ,Plzeň-město,Plzeňský
Praha,Na Fialce-východ,Praha,Praha
Praha,Nové Pitkovice,Praha,Praha
Praha,K Benicům,Praha,Praha
Praha,K Průhonicům,Praha,Praha
Praha,Slunečný Vršek,Praha,Praha
Praha,Netluky,Praha,Praha
Praha,Kunratice-Ke Hrádku,Praha,Praha
Praha,Kunratice-Nad rybníčky,Praha,Praha
Praha,Kunratice-Nad Vernerákem,Praha,Praha
Praha,U Cholupického potoka,Praha,Praha
Praha,U Beránku,Praha,Praha